card_id,name,card_type,is_pokemon,is_item,is_supporter,is_stadium,is_tool,is_basic_energy,is_special_energy,hp,retreat_cost,energy_type_id,weakness_id,resistance_id,is_basic,is_stage1,is_stage2,evolves_from_id,is_ex,is_mega_ex,is_tera,is_ace_spec,prizes_on_ko,type_Colorless,type_Grass,type_Fire,type_Water,type_Lightning,type_Psychic,type_Fighting,type_Darkness,type_Metal,type_Dragon,n_attacks,max_damage,min_attack_cost,has_variable_attack
1,Basic {G} Energy,5,false,false,false,false,false,true,false,0,0,1,-1,-1,false,false,false,-1,false,false,false,false,0,false,true,false,false,false,false,false,false,false,false,0,0,0,false
2,Basic {R} Energy,5,false,false,false,false,false,true,false,0,0,2,-1,-1,false,false,false,-1,false,false,false,false,0,false,false,true,false,false,false,false,false,false,false,0,0,0,false
3,Basic {W} Energy,5,false,false,false,false,false,true,false,0,0,3,-1,-1,false,false,false,-1,false,false,false,false,0,false,false,false,true,false,false,false,false,false,false,0,0,0,false
4,Basic {L} Energy,5,false,false,false,false,false,true,false,0,0,4,-1,-1,false,false,false,-1,false,false,false,false,0,false,false,false,false,true,false,false,false,false,false,0,0,0,false
5,Basic {P} Energy,5,false,false,false,false,false,true,false,0,0,5,-1,-1,false,false,false,-1,false,false,false,false,0,false,false,false,false,false,true,false,false,false,false,0,0,0,false
6,Basic {F} Energy,5,false,false,false,false,false,true,false,0,0,6,-1,-1,false,false,false,-1,false,false,false,false,0,false,false,false,false,false,false,true,false,false,false,0,0,0,false
7,Basic {D} Energy,5,false,false,false,false,false,true,false,0,0,7,-1,-1,false,false,false,-1,false,false,false,false,0,false,false,false,false,false,false,false,true,false,false,0,0,0,false
8,Basic {M} Energy,5,false,false,false,false,false,true,false,0,0,8,-1,-1,false,false,false,-1,false,false,false,false,0,false,false,false,false,false,false,false,false,true,false,0,0,0,false
9,Boomerang Energy,6,false,false,false,false,false,false,true,0,0,0,-1,-1,false,false,false,-1,false,false,false,false,0,false,false,false,false,false,false,false,false,false,false,0,0,0,false
10,Neo Upper Energy,6,false,false,false,false,false,false,true,0,0,0,-1,-1,false,false,false,-1,false,false,false,true,0,false,false,false,false,false,false,false,false,false,false,0,0,0,false
11,Mist Energy,6,false,false,false,false,false,false,true,0,0,0,-1,-1,false,false,false,-1,false,false,false,false,0,false,false,false,false,false,false,false,false,false,false,0,0,0,false
12,Legacy Energy,6,false,false,false,false,false,false,true,0,0,10,-1,-1,false,false,false,-1,false,false,false,true,0,false,false,false,false,false,false,false,false,false,false,0,0,0,false
13,Enriching Energy,6,false,false,false,false,false,false,true,0,0,0,-1,-1,false,false,false,-1,false,false,false,true,0,false,false,false,false,false,false,false,false,false,false,0,0,0,false
14,Spiky Energy,6,false,false,false,false,false,false,true,0,0,0,-1,-1,false,false,false,-1,false,false,false,false,0,false,false,false,false,false,false,false,false,false,false,0,0,0,false
15,Team Rocket's Energy,6,false,false,false,false,false,false,true,0,0,0,-1,-1,false,false,false,-1,false,false,false,false,0,false,false,false,false,false,false,false,false,false,false,0,0,0,false
16,Prism Energy,6,false,false,false,false,false,false,true,0,0,0,-1,-1,false,false,false,-1,false,false,false,false,0,false,false,false,false,false,false,false,false,false,false,0,0,0,false
17,Ignition Energy,6,false,false,false,false,false,false,true,0,0,0,-1,-1,false,false,false,-1,false,false,false,false,0,false,false,false,false,false,false,false,false,false,false,0,0,0,false
18,Grow Grass Energy,6,false,false,false,false,false,false,true,0,0,1,-1,-1,false,false,false,-1,false,false,false,false,0,false,false,false,false,false,false,false,false,false,false,0,0,0,false
19,Telepath Psychic Energy,6,false,false,false,false,false,false,true,0,0,5,-1,-1,false,false,false,-1,false,false,false,false,0,false,false,false,false,false,false,false,false,false,false,0,0,0,false
20,Rock Fighting Energy,6,false,false,false,false,false,false,true,0,0,6,-1,-1,false,false,false,-1,false,false,false,false,0,false,false,false,false,false,false,false,false,false,false,0,0,0,false
21,Scrafty,0,true,false,false,false,false,false,false,120,1,7,1,-1,false,true,false,895,false,false,false,false,1,false,false,false,false,false,false,false,true,false,false,2,100,1,false
22,Hippopotas,0,true,false,false,false,false,false,false,90,3,6,1,-1,true,false,false,-1,false,false,false,false,1,false,false,false,false,false,false,true,false,false,false,1,10,1,false
23,Hippowdon,0,true,false,false,false,false,false,false,160,4,6,1,-1,false,true,false,1048,false,false,false,false,1,false,false,false,false,false,false,true,false,false,false,2,150,2,false
24,Team Rocket's Kangaskhan ex,0,true,false,false,false,false,false,false,230,2,0,6,-1,true,false,false,-1,true,false,false,false,2,true,false,false,false,false,false,false,false,false,false,2,120,2,true
25,Pinsir,0,true,false,false,false,false,false,false,110,2,1,2,-1,true,false,false,-1,false,false,false,false,1,false,true,false,false,false,false,false,false,false,false,2,100,2,false
26,Leafeon,0,true,false,false,false,false,false,false,120,1,1,2,-1,false,true,false,317,false,false,false,false,1,false,true,false,false,false,false,false,false,false,false,2,70,1,false
27,Iron Leaves,0,true,false,false,false,false,false,false,120,1,1,2,-1,true,false,false,-1,false,false,false,false,1,false,true,false,false,false,false,false,false,false,false,2,100,1,false
28,Poltchageist,0,true,false,false,false,false,false,false,30,1,1,2,-1,true,false,false,-1,false,false,false,false,1,false,true,false,false,false,false,false,false,false,false,1,10,1,false
29,Sinistcha ex,0,true,false,false,false,false,false,false,240,1,1,2,-1,false,true,false,28,true,false,false,false,2,false,true,false,false,false,false,false,false,false,false,2,120,1,true
30,Magcargo ex,0,true,false,false,false,false,false,false,270,3,2,3,-1,false,true,false,76,true,false,true,false,2,false,false,true,false,false,false,false,false,false,false,2,140,2,true
31,Chi-Yu,0,true,false,false,false,false,false,false,110,1,2,3,-1,true,false,false,-1,false,false,false,false,1,false,false,true,false,false,false,false,false,false,false,2,60,1,false
32,Glaceon,0,true,false,false,false,false,false,false,120,1,3,8,-1,false,true,false,317,false,false,false,false,1,false,false,false,true,false,false,false,false,false,false,2,70,1,false
33,Froakie,0,true,false,false,false,false,false,false,60,1,3,4,-1,true,false,false,-1,false,false,false,false,1,false,false,false,true,false,false,false,false,false,false,2,10,1,false
34,Frogadier,0,true,false,false,false,false,false,false,90,1,3,4,-1,false,true,false,945,false,false,false,false,1,false,false,false,true,false,false,false,false,false,false,1,20,1,false
35,Walking Wake,0,true,false,false,false,false,false,false,130,1,3,4,-1,true,false,false,-1,false,false,false,false,1,false,false,false,true,false,false,false,false,false,false,2,20,1,true
36,Morpeko,0,true,false,false,false,false,false,false,70,1,4,6,-1,true,false,false,-1,false,false,false,false,1,false,false,false,false,true,false,false,false,false,false,1,0,1,false
37,Iron Thorns ex,0,true,false,false,false,false,false,false,230,4,4,6,-1,true,false,false,-1,true,false,false,false,2,false,false,false,false,true,false,false,false,false,false,1,140,3,false
38,Girafarig,0,true,false,false,false,false,false,false,100,1,5,7,6,true,false,false,-1,false,false,false,false,1,false,false,false,false,false,true,false,false,false,false,1,30,1,false
39,Enamorus,0,true,false,false,false,false,false,false,120,1,5,8,-1,true,false,false,-1,false,false,false,false,1,false,false,false,false,false,true,false,false,false,false,2,80,1,false
40,Greninja ex,0,true,false,false,false,false,false,false,310,1,6,5,-1,false,false,true,34,true,false,true,false,2,false,false,false,false,false,false,true,false,false,false,2,170,1,false
41,Ting-Lu,0,true,false,false,false,false,false,false,140,3,6,1,-1,true,false,false,-1,false,false,false,false,1,false,false,false,false,false,false,true,false,false,false,2,110,1,false
42,Applin,0,true,false,false,false,false,false,false,40,1,9,-1,-1,true,false,false,-1,false,false,false,false,1,false,false,false,false,false,false,false,false,false,true,2,30,1,false
43,Eevee,0,true,false,false,false,false,false,false,50,1,0,6,-1,true,false,false,-1,false,false,false,false,1,true,false,false,false,false,false,false,false,false,false,2,20,1,false
44,Bloodmoon Ursaluna ex,0,true,false,false,false,false,false,false,260,3,0,6,-1,true,false,false,-1,true,false,false,false,2,true,false,false,false,false,false,false,false,false,false,1,240,5,false
45,Shaymin,0,true,false,false,false,false,false,false,70,0,1,2,-1,true,false,false,-1,false,false,false,false,1,false,true,false,false,false,false,false,false,false,false,2,50,1,false
46,Gouging Fire ex,0,true,false,false,false,false,false,false,230,2,2,3,-1,true,false,false,-1,true,false,false,false,2,false,false,true,false,false,false,false,false,false,false,2,260,2,false
47,Totodile,0,true,false,false,false,false,false,false,70,1,3,4,-1,true,false,false,-1,false,false,false,false,1,false,false,false,true,false,false,false,false,false,false,1,10,1,false
48,Croconaw,0,true,false,false,false,false,false,false,90,2,3,4,-1,false,true,false,937,false,false,false,false,1,false,false,false,true,false,false,false,false,false,false,1,30,1,false
49,Feraligatr,0,true,false,false,false,false,false,false,180,3,3,4,-1,false,false,true,938,false,false,false,false,1,false,false,false,true,false,false,false,false,false,false,1,160,2,false
50,Wiglett,0,true,false,false,false,false,false,false,60,1,3,4,-1,true,false,false,-1,false,false,false,false,1,false,false,false,true,false,false,false,false,false,false,2,40,1,false
51,Palafin,0,true,false,false,false,false,false,false,150,2,3,4,-1,false,true,false,105,false,false,false,false,1,false,false,false,true,false,false,false,false,false,false,2,130,1,true
52,Wugtrio ex,0,true,false,false,false,false,false,false,250,1,4,6,-1,false,true,false,50,true,false,true,false,2,false,false,false,false,true,false,false,false,false,false,2,120,1,true
53,Marill,0,true,false,false,false,false,false,false,70,2,5,8,-1,true,false,false,-1,false,false,false,false,1,false,false,false,false,false,true,false,false,false,false,2,40,1,true
54,Bronzor,0,true,false,false,false,false,false,false,80,3,5,7,6,true,false,false,-1,false,false,false,false,1,false,false,false,false,false,true,false,false,false,false,1,10,1,false
55,Bronzong,0,true,false,false,false,false,false,false,110,3,5,7,6,false,true,false,989,false,false,false,false,1,false,false,false,false,false,true,false,false,false,false,2,100,1,false
56,Flutter Mane,0,true,false,false,false,false,false,false,90,1,5,8,-1,true,false,false,-1,false,false,false,false,1,false,false,false,false,false,true,false,false,false,false,1,90,3,false
57,Relicanth,0,true,false,false,false,false,false,false,100,1,6,1,-1,true,false,false,-1,false,false,false,false,1,false,false,false,false,false,false,true,false,false,false,1,30,2,false
58,Great Tusk,0,true,false,false,false,false,false,false,140,3,6,5,-1,true,false,false,-1,false,false,false,false,1,false,false,false,false,false,false,true,false,false,false,2,160,2,false
59,Gastly,0,true,false,false,false,false,false,false,60,1,7,6,-1,true,false,false,-1,false,false,false,false,1,false,false,false,false,false,false,false,true,false,false,2,30,1,false
60,Haunter,0,true,false,false,false,false,false,false,90,1,7,6,-1,false,true,false,1057,false,false,false,false,1,false,false,false,false,false,false,false,true,false,false,1,30,2,false
61,Roaring Moon,0,true,false,false,false,false,false,false,140,2,7,1,-1,true,false,false,-1,false,false,false,false,1,false,false,false,false,false,false,false,true,false,false,2,120,2,true
62,Koraidon,0,true,false,false,false,false,false,false,140,2,9,-1,-1,true,false,false,-1,false,false,false,false,1,false,false,false,false,false,false,false,false,false,true,2,130,2,true
63,Raging Bolt ex,0,true,false,false,false,false,false,false,240,3,9,-1,-1,true,false,false,-1,true,false,false,false,2,false,false,false,false,false,false,false,false,false,true,2,0,1,true
64,Hoothoot,0,true,false,false,false,false,false,false,70,1,0,4,6,true,false,false,-1,false,false,false,false,1,true,false,false,false,false,false,false,false,false,false,1,20,2,false
65,Dunsparce,0,true,false,false,false,false,false,false,60,0,0,6,-1,true,false,false,-1,false,false,false,false,1,true,false,false,false,false,false,false,false,false,false,2,30,1,false
66,Dudunsparce,0,true,false,false,false,false,false,false,140,3,0,6,-1,false,true,false,305,false,false,false,false,1,true,false,false,false,false,false,false,false,false,false,1,90,3,false
67,Pineco,0,true,false,false,false,false,false,false,70,2,1,2,-1,true,false,false,-1,false,false,false,false,1,false,true,false,false,false,false,false,false,false,false,1,50,3,false
68,Seedot,0,true,false,false,false,false,false,false,60,1,1,2,-1,true,false,false,-1,false,false,false,false,1,false,true,false,false,false,false,false,false,false,false,2,20,1,false
69,Nuzleaf,0,true,false,false,false,false,false,false,90,1,1,2,-1,false,true,false,656,false,false,false,false,1,false,true,false,false,false,false,false,false,false,false,2,20,1,true
70,Shiftry,0,true,false,false,false,false,false,false,150,2,1,2,-1,false,false,true,657,false,false,false,false,1,false,true,false,false,false,false,false,false,false,false,2,140,1,false
71,Deerling,0,true,false,false,false,false,false,false,70,1,1,2,-1,true,false,false,-1,false,false,false,false,1,false,true,false,false,false,false,false,false,false,false,2,40,1,false
72,Sawsbuck,0,true,false,false,false,false,false,false,130,2,1,2,-1,false,true,false,562,false,false,false,false,1,false,true,false,false,false,false,false,false,false,false,1,110,3,false
73,Rellor,0,true,false,false,false,false,false,false,50,1,1,2,-1,true,false,false,-1,false,false,false,false,1,false,true,false,false,false,false,false,false,false,false,1,30,1,false
74,Rabsca,0,true,false,false,false,false,false,false,70,1,1,2,-1,false,true,false,73,false,false,false,false,1,false,true,false,false,false,false,false,false,false,false,1,10,1,true
75,Iron Leaves ex,0,true,false,false,false,false,false,false,220,1,1,2,-1,true,false,false,-1,true,false,false,false,2,false,true,false,false,false,false,false,false,false,false,1,180,3,false
76,Slugma,0,true,false,false,false,false,false,false,80,2,2,3,-1,true,false,false,-1,false,false,false,false,1,false,false,true,false,false,false,false,false,false,false,1,10,1,false
77,Litten,0,true,false,false,false,false,false,false,70,2,2,3,-1,true,false,false,-1,false,false,false,false,1,false,false,true,false,false,false,false,false,false,false,1,10,1,false
78,Torracat,0,true,false,false,false,false,false,false,100,2,2,3,-1,false,true,false,77,false,false,false,false,1,false,false,true,false,false,false,false,false,false,false,2,80,1,false
79,Incineroar ex,0,true,false,false,false,false,false,false,320,2,2,3,-1,false,false,true,78,true,false,false,false,2,false,false,true,false,false,false,false,false,false,false,1,240,5,false
80,Iron Crown ex,0,true,false,false,false,false,false,false,220,2,5,7,6,true,false,false,-1,true,false,false,false,2,false,false,false,false,false,true,false,false,false,false,1,0,3,false
81,Drilbur,0,true,false,false,false,false,false,false,70,1,6,1,-1,true,false,false,-1,false,false,false,false,1,false,false,false,false,false,false,true,false,false,false,1,20,2,false
82,Excadrill,0,true,false,false,false,false,false,false,130,2,6,1,-1,false,true,false,526,false,false,false,false,1,false,false,false,false,false,false,true,false,false,false,2,180,1,false
83,Farigiraf ex,0,true,false,false,false,false,false,false,260,2,7,1,-1,false,true,false,38,true,false,true,false,2,false,false,false,false,false,false,false,true,false,false,1,160,3,false
84,Scizor ex,0,true,false,false,false,false,false,false,270,2,8,2,1,false,true,false,916,true,false,false,false,2,false,false,false,false,false,false,false,false,true,false,2,70,2,true
85,Beldum,0,true,false,false,false,false,false,false,70,1,8,2,1,true,false,false,-1,false,false,false,false,1,false,false,false,false,false,false,false,false,true,false,2,50,1,false
86,Metang,0,true,false,false,false,false,false,false,100,2,8,2,1,false,true,false,274,false,false,false,false,1,false,false,false,false,false,false,false,false,true,false,1,60,3,false
87,Miraidon,0,true,false,false,false,false,false,false,110,2,9,-1,-1,true,false,false,-1,false,false,false,false,1,false,false,false,false,false,false,false,false,false,true,2,160,1,false
88,Volbeat,0,true,false,false,false,false,false,false,70,1,1,2,-1,true,false,false,-1,false,false,false,false,1,false,true,false,false,false,false,false,false,false,false,2,20,1,false
89,Grookey,0,true,false,false,false,false,false,false,70,1,1,2,-1,true,false,false,-1,false,false,false,false,1,false,true,false,false,false,false,false,false,false,false,2,30,1,false
90,Thwackey,0,true,false,false,false,false,false,false,100,2,1,2,-1,false,true,false,89,false,false,false,false,1,false,true,false,false,false,false,false,false,false,false,1,50,2,false
91,Rillaboom,0,true,false,false,false,false,false,false,180,4,1,2,-1,false,false,true,90,false,false,false,false,1,false,true,false,false,false,false,false,false,false,false,2,180,1,false
92,Applin,0,true,false,false,false,false,false,false,40,1,1,2,-1,true,false,false,-1,false,false,false,false,1,false,true,false,false,false,false,false,false,false,false,1,10,1,false
93,Dipplin,0,true,false,false,false,false,false,false,80,2,1,2,-1,false,true,false,346,false,false,false,false,1,false,true,false,false,false,false,false,false,false,false,1,0,1,true
94,Sinistcha,0,true,false,false,false,false,false,false,70,1,1,2,-1,false,true,false,28,false,false,false,false,1,false,true,false,false,false,false,false,false,false,false,2,0,1,true
95,Teal Mask Ogerpon,0,true,false,false,false,false,false,false,110,1,1,2,-1,true,false,false,-1,false,false,false,false,1,false,true,false,false,false,false,false,false,false,false,2,20,1,true
96,Teal Mask Ogerpon ex,0,true,false,false,false,false,false,false,210,1,1,2,-1,true,false,false,-1,true,false,true,false,2,false,true,false,false,false,false,false,false,false,false,1,30,3,true
97,Litwick,0,true,false,false,false,false,false,false,60,1,2,3,-1,true,false,false,-1,false,false,false,false,1,false,false,true,false,false,false,false,false,false,false,2,20,1,false
98,Chandelure,0,true,false,false,false,false,false,false,130,2,2,3,-1,false,false,true,494,false,false,false,false,1,false,false,true,false,false,false,false,false,false,false,1,0,1,true
99,Hearthflame Mask Ogerpon ex,0,true,false,false,false,false,false,false,210,1,2,3,-1,true,false,false,-1,true,false,true,false,2,false,false,true,false,false,false,false,false,false,false,2,140,3,true
100,Goldeen,0,true,false,false,false,false,false,false,50,1,3,4,-1,true,false,false,-1,false,false,false,false,1,false,false,false,true,false,false,false,false,false,false,1,10,2,false
101,Jynx,0,true,false,false,false,false,false,false,90,1,3,8,-1,true,false,false,-1,false,false,false,false,1,false,false,false,true,false,false,false,false,false,false,2,30,1,false
102,Milotic,0,true,false,false,false,false,false,false,120,1,3,4,-1,false,true,false,242,false,false,false,false,1,false,false,false,true,false,false,false,false,false,false,1,100,3,false
103,Snorunt,0,true,false,false,false,false,false,false,60,1,3,8,-1,true,false,false,-1,false,false,false,false,1,false,false,false,true,false,false,false,false,false,false,1,20,2,false
104,Froslass,0,true,false,false,false,false,false,false,90,1,3,8,-1,false,true,false,860,false,false,false,false,1,false,false,false,true,false,false,false,false,false,false,1,60,2,false
105,Finizen,0,true,false,false,false,false,false,false,70,1,3,4,-1,true,false,false,-1,false,false,false,false,1,false,false,false,true,false,false,false,false,false,false,1,30,1,false
106,Palafin,0,true,false,false,false,false,false,false,100,1,3,4,-1,false,true,false,105,false,false,false,false,1,false,false,false,true,false,false,false,false,false,false,1,30,2,false
107,Palafin ex,0,true,false,false,false,false,false,false,340,2,3,4,-1,false,true,false,105,true,false,false,false,2,false,false,false,true,false,false,false,false,false,false,1,250,1,false
108,Wellspring Mask Ogerpon ex,0,true,false,false,false,false,false,false,210,1,3,4,-1,true,false,false,-1,true,false,true,false,2,false,false,false,true,false,false,false,false,false,false,2,100,1,false
109,Abra,0,true,false,false,false,false,false,false,40,1,5,7,6,true,false,false,-1,false,false,false,false,1,false,false,false,false,false,true,false,false,false,false,1,10,1,false
110,Slurpuff,0,true,false,false,false,false,false,false,120,2,5,8,-1,false,true,false,965,false,false,false,false,1,false,false,false,false,false,true,false,false,false,false,1,0,2,true
111,Sandygast,0,true,false,false,false,false,false,false,90,3,5,7,6,true,false,false,-1,false,false,false,false,1,false,false,false,false,false,true,false,false,false,false,2,30,1,false
112,Munkidori,0,true,false,false,false,false,false,false,110,1,5,7,6,true,false,false,-1,false,false,false,false,1,false,false,false,false,false,true,false,false,false,false,1,60,2,false
113,Timburr,0,true,false,false,false,false,false,false,80,2,6,5,-1,true,false,false,-1,false,false,false,false,1,false,false,false,false,false,false,true,false,false,false,1,40,1,false
114,Gurdurr,0,true,false,false,false,false,false,false,100,2,6,5,-1,false,true,false,528,false,false,false,false,1,false,false,false,false,false,false,true,false,false,false,2,50,1,false
115,Conkeldurr,0,true,false,false,false,false,false,false,180,3,6,5,-1,false,false,true,529,false,false,false,false,1,false,false,false,false,false,false,true,false,false,false,2,250,1,false
116,Okidogi,0,true,false,false,false,false,false,false,130,2,6,5,-1,true,false,false,-1,false,false,false,false,1,false,false,false,false,false,false,true,false,false,false,1,70,2,false
117,Cornerstone Mask Ogerpon ex,0,true,false,false,false,false,false,false,210,1,6,1,-1,true,false,false,-1,true,false,true,false,2,false,false,false,false,false,false,true,false,false,false,1,140,3,false
118,Heatran,0,true,false,false,false,false,false,false,140,4,8,2,1,true,false,false,-1,false,false,false,false,1,false,false,false,false,false,false,false,false,true,false,1,0,3,true
119,Dreepy,0,true,false,false,false,false,false,false,70,1,9,-1,-1,true,false,false,-1,false,false,false,false,1,false,false,false,false,false,false,false,false,false,true,2,40,1,false
120,Drakloak,0,true,false,false,false,false,false,false,90,1,9,-1,-1,false,true,false,119,false,false,false,false,1,false,false,false,false,false,false,false,false,false,true,1,70,2,false
121,Dragapult ex,0,true,false,false,false,false,false,false,320,1,9,-1,-1,false,false,true,120,true,false,true,false,2,false,false,false,false,false,false,false,false,false,true,2,200,1,false
122,Tatsugiri,0,true,false,false,false,false,false,false,70,1,9,-1,-1,true,false,false,-1,false,false,false,false,1,false,false,false,false,false,false,false,false,false,true,1,50,2,false
123,Farfetch'd,0,true,false,false,false,false,false,false,70,1,0,4,6,true,false,false,-1,false,false,false,false,1,true,false,false,false,false,false,false,false,false,false,1,30,1,false
124,Chansey,0,true,false,false,false,false,false,false,120,2,0,6,-1,true,false,false,-1,false,false,false,false,1,true,false,false,false,false,false,false,false,false,false,2,80,1,false
125,Blissey ex,0,true,false,false,false,false,false,false,300,4,0,6,-1,false,true,false,124,true,false,false,false,2,true,false,false,false,false,false,false,false,false,false,1,180,3,false
126,Galvantula,0,true,false,false,false,false,false,false,100,1,1,2,-1,false,true,false,586,false,false,false,false,1,false,true,false,false,false,false,false,false,false,false,1,50,2,false
127,Rowlet,0,true,false,false,false,false,false,false,70,1,1,2,-1,true,false,false,-1,false,false,false,false,1,false,true,false,false,false,false,false,false,false,false,2,10,1,false
128,Dartrix,0,true,false,false,false,false,false,false,90,1,1,2,-1,false,true,false,1020,false,false,false,false,1,false,true,false,false,false,false,false,false,false,false,2,30,1,true
129,Decidueye,0,true,false,false,false,false,false,false,150,2,1,2,-1,false,false,true,1021,false,false,false,false,1,false,true,false,false,false,false,false,false,false,false,2,170,1,false
130,Revavroom ex,0,true,false,false,false,false,false,false,280,1,4,6,-1,false,true,false,143,true,false,true,false,2,false,false,false,false,true,false,false,false,false,false,2,250,1,false
131,Duskull,0,true,false,false,false,false,false,false,60,1,5,7,6,true,false,false,-1,false,false,false,false,1,false,false,false,false,false,true,false,false,false,false,2,30,1,false
132,Dusclops,0,true,false,false,false,false,false,false,90,2,5,7,6,false,true,false,131,false,false,false,false,1,false,false,false,false,false,true,false,false,false,false,1,50,2,false
133,Dusknoir,0,true,false,false,false,false,false,false,160,3,5,7,6,false,false,true,132,false,false,false,false,1,false,false,false,false,false,true,false,false,false,false,1,150,3,false
134,Sylveon,0,true,false,false,false,false,false,false,120,1,5,8,-1,false,true,false,317,false,false,false,false,1,false,false,false,false,false,true,false,false,false,false,2,90,1,false
135,Bloodmoon Ursaluna,0,true,false,false,false,false,false,false,150,4,6,1,-1,true,false,false,-1,false,false,false,false,1,false,false,false,false,false,false,true,false,false,false,1,100,3,true
136,Zorua,0,true,false,false,false,false,false,false,70,1,7,1,-1,true,false,false,-1,false,false,false,false,1,false,false,false,false,false,false,false,true,false,false,2,10,1,true
137,Zoroark,0,true,false,false,false,false,false,false,120,1,7,1,-1,false,true,false,614,false,false,false,false,1,false,false,false,false,false,false,false,true,false,false,2,110,2,true
138,Okidogi ex,0,true,false,false,false,false,false,false,250,3,7,6,-1,true,false,false,-1,true,false,false,false,2,false,false,false,false,false,false,false,true,false,false,2,130,1,false
139,Munkidori ex,0,true,false,false,false,false,false,false,210,1,7,6,-1,true,false,false,-1,true,false,false,false,2,false,false,false,false,false,false,false,true,false,false,1,190,3,false
140,Fezandipiti ex,0,true,false,false,false,false,false,false,210,1,7,6,-1,true,false,false,-1,true,false,false,false,2,false,false,false,false,false,false,false,true,false,false,1,0,3,false
141,Pecharunt ex,0,true,false,false,false,false,false,false,190,1,7,6,-1,true,false,false,-1,true,false,false,false,2,false,false,false,false,false,false,false,true,false,false,1,0,2,true
142,Genesect,0,true,false,false,false,false,false,false,110,1,8,2,1,true,false,false,-1,false,false,false,false,1,false,false,false,false,false,false,false,false,true,false,1,100,3,false
143,Varoom,0,true,false,false,false,false,false,false,70,1,8,2,1,true,false,false,-1,false,false,false,false,1,false,false,false,false,false,false,false,false,true,false,2,20,1,false
144,Kyurem,0,true,false,false,false,false,false,false,130,2,9,-1,-1,true,false,false,-1,false,false,false,false,1,false,false,false,false,false,false,false,false,false,true,1,0,5,false
145,Eevee,0,true,false,false,false,false,false,false,70,1,0,6,-1,true,false,false,-1,false,false,false,false,1,true,false,false,false,false,false,false,false,false,false,2,20,1,false
146,Lileep,0,true,false,false,false,false,false,false,100,2,1,2,-1,false,true,false,1099,false,false,false,false,1,false,true,false,false,false,false,false,false,false,false,1,50,1,false
147,Cradily,0,true,false,false,false,false,false,false,150,3,1,2,-1,false,false,true,146,false,false,false,false,1,false,true,false,false,false,false,false,false,false,false,1,0,1,true
148,Mow Rotom,0,true,false,false,false,false,false,false,90,1,1,2,-1,true,false,false,-1,false,false,false,false,1,false,true,false,false,false,false,false,false,false,false,1,30,1,false
149,Applin,0,true,false,false,false,false,false,false,40,1,1,2,-1,true,false,false,-1,false,false,false,false,1,false,true,false,false,false,false,false,false,false,false,1,20,1,false
150,Hydrapple ex,0,true,false,false,false,false,false,false,330,3,1,2,-1,false,false,true,921,true,false,false,false,2,false,true,false,false,false,false,false,false,false,false,1,30,2,true
151,Scorbunny,0,true,false,false,false,false,false,false,70,1,2,3,-1,true,false,false,-1,false,false,false,false,1,false,false,true,false,false,false,false,false,false,false,1,10,1,false
152,Raboot,0,true,false,false,false,false,false,false,90,1,2,3,-1,false,true,false,664,false,false,false,false,1,false,false,true,false,false,false,false,false,false,false,2,60,1,false
153,Cinderace ex,0,true,false,false,false,false,false,false,320,0,2,3,-1,false,false,true,665,true,false,true,false,2,false,false,true,false,false,false,false,false,false,false,2,280,3,false
154,Lapras ex,0,true,false,false,false,false,false,false,220,2,3,8,-1,true,false,false,-1,true,false,true,false,2,false,false,false,true,false,false,false,false,false,false,2,0,1,true
155,Carracosta,0,true,false,false,false,false,false,false,160,3,3,4,-1,false,false,true,503,false,false,false,false,1,false,false,false,true,false,false,false,false,false,false,1,150,2,false
156,Crabominable,0,true,false,false,false,false,false,false,160,3,3,8,-1,false,true,false,977,false,false,false,false,1,false,false,false,true,false,false,false,false,false,false,1,250,5,false
157,Chewtle,0,true,false,false,false,false,false,false,80,2,3,4,-1,true,false,false,-1,false,false,false,false,1,false,false,false,true,false,false,false,false,false,false,1,60,3,false
158,Drednaw,0,true,false,false,false,false,false,false,140,3,3,4,-1,false,true,false,157,false,false,false,false,1,false,false,false,true,false,false,false,false,false,false,1,80,3,false
159,Veluza,0,true,false,false,false,false,false,false,130,2,3,4,-1,true,false,false,-1,false,false,false,false,1,false,false,false,true,false,false,false,false,false,false,1,110,4,false
160,Joltik,0,true,false,false,false,false,false,false,30,1,4,6,-1,true,false,false,-1,false,false,false,false,1,false,false,false,false,true,false,false,false,false,false,1,0,1,false
161,Galvantula ex,0,true,false,false,false,false,false,false,260,1,4,6,-1,false,true,false,586,true,false,true,false,2,false,false,false,false,true,false,false,false,false,false,2,180,2,false
162,Slowpoke,0,true,false,false,false,false,false,false,80,2,5,7,6,true,false,false,-1,false,false,false,false,1,false,false,false,false,false,true,false,false,false,false,2,30,1,false
163,Slowking,0,true,false,false,false,false,false,false,120,3,5,7,6,false,true,false,327,false,false,false,false,1,false,false,false,false,false,true,false,false,false,false,2,120,2,false
164,Comfey,0,true,false,false,false,false,false,false,70,1,5,8,-1,true,false,false,-1,false,false,false,false,1,false,false,false,false,false,true,false,false,false,false,2,20,1,false
165,Klink,0,true,false,false,false,false,false,false,60,2,8,2,1,true,false,false,-1,false,false,false,false,1,false,false,false,false,false,false,false,false,true,false,2,20,1,false
166,Klang,0,true,false,false,false,false,false,false,90,3,8,2,1,false,true,false,621,false,false,false,false,1,false,false,false,false,false,false,false,false,true,false,1,60,2,false
167,Klinklang,0,true,false,false,false,false,false,false,140,3,8,2,1,false,false,true,622,false,false,false,false,1,false,false,false,false,false,false,false,false,true,false,1,130,2,false
168,Meltan,0,true,false,false,false,false,false,false,70,1,8,2,1,true,false,false,-1,false,false,false,false,1,false,false,false,false,false,false,false,false,true,false,2,30,1,false
169,Duraludon,0,true,false,false,false,false,false,false,130,2,8,2,1,true,false,false,-1,false,false,false,false,1,false,false,false,false,false,false,false,false,true,false,2,80,1,true
170,Archaludon,0,true,false,false,false,false,false,false,180,2,8,2,1,false,true,false,992,false,false,false,false,1,false,false,false,false,false,false,false,false,true,false,1,160,3,false
171,Raging Bolt,0,true,false,false,false,false,false,false,130,3,9,-1,-1,true,false,false,-1,false,false,false,false,1,false,false,false,false,false,false,false,false,false,true,2,130,2,true
172,Hoothoot,0,true,false,false,false,false,false,false,70,1,0,4,6,true,false,false,-1,false,false,false,false,1,true,false,false,false,false,false,false,false,false,false,1,0,1,true
173,Noctowl,0,true,false,false,false,false,false,false,100,1,0,4,6,false,true,false,250,false,false,false,false,1,true,false,false,false,false,false,false,false,false,false,1,60,2,false
174,Fan Rotom,0,true,false,false,false,false,false,false,70,1,0,4,6,true,false,false,-1,false,false,false,false,1,true,false,false,false,false,false,false,false,false,false,1,70,1,false
175,Bouffalant,0,true,false,false,false,false,false,false,100,2,0,6,-1,true,false,false,-1,false,false,false,false,1,true,false,false,false,false,false,false,false,false,false,1,130,3,false
176,Terapagos ex,0,true,false,false,false,false,false,false,230,2,0,6,-1,true,false,false,-1,true,false,true,false,2,true,false,false,false,false,false,false,false,false,false,2,180,2,true
177,Exeggcute,0,true,false,false,false,false,false,false,30,1,1,2,-1,true,false,false,-1,false,false,false,false,1,false,true,false,false,false,false,false,false,false,false,1,0,1,false
178,Zarude,0,true,false,false,false,false,false,false,120,1,1,2,-1,true,false,false,-1,false,false,false,false,1,false,true,false,false,false,false,false,false,false,false,2,80,1,false
179,Black Kyurem ex,0,true,false,false,false,false,false,false,230,3,3,8,-1,true,false,false,-1,true,false,false,false,2,false,false,false,true,false,false,false,false,false,false,2,250,3,false
180,Bruxish,0,true,false,false,false,false,false,false,110,1,3,4,-1,true,false,false,-1,false,false,false,false,1,false,false,false,true,false,false,false,false,false,false,1,50,2,false
181,Quaxwell,0,true,false,false,false,false,false,false,100,1,3,4,-1,false,true,false,947,false,false,false,false,1,false,false,false,true,false,false,false,false,false,false,1,40,1,false
182,Quaquaval,0,true,false,false,false,false,false,false,170,2,3,4,-1,false,false,true,181,false,false,false,false,1,false,false,false,true,false,false,false,false,false,false,1,120,2,false
183,Smoochum,0,true,false,false,false,false,false,false,30,0,5,7,6,true,false,false,-1,false,false,false,false,1,false,false,false,false,false,true,false,false,false,false,1,0,0,false
184,Latias ex,0,true,false,false,false,false,false,false,210,2,5,7,6,true,false,false,-1,true,false,false,false,2,false,false,false,false,false,true,false,false,false,false,1,200,3,false
185,Flittle,0,true,false,false,false,false,false,false,40,1,5,7,6,true,false,false,-1,false,false,false,false,1,false,false,false,false,false,true,false,false,false,false,1,10,1,false
186,Gimmighoul,0,true,false,false,false,false,false,false,70,2,5,7,6,true,false,false,-1,false,false,false,false,1,false,false,false,false,false,true,false,false,false,false,2,50,1,false
187,Trapinch,0,true,false,false,false,false,false,false,60,1,6,1,-1,true,false,false,-1,false,false,false,false,1,false,false,false,false,false,false,true,false,false,false,2,20,1,false
188,Vibrava,0,true,false,false,false,false,false,false,90,1,6,1,-1,false,true,false,822,false,false,false,false,1,false,false,false,false,false,false,true,false,false,false,2,50,1,false
189,Flygon ex,0,true,false,false,false,false,false,false,310,1,6,1,-1,false,false,true,823,true,false,true,false,2,false,false,false,false,false,false,true,false,false,false,2,130,1,false
190,Archaludon ex,0,true,false,false,false,false,false,false,300,2,8,2,1,false,true,false,992,true,false,false,false,2,false,false,false,false,false,false,false,false,true,false,1,220,3,false
191,Gholdengo,0,true,false,false,false,false,false,false,130,2,8,2,1,false,true,false,668,false,false,false,false,1,false,false,false,false,false,false,false,false,true,false,2,100,1,false
192,Iron Crown,0,true,false,false,false,false,false,false,130,2,8,2,1,true,false,false,-1,false,false,false,false,1,false,false,false,false,false,false,false,false,true,false,2,100,2,false
193,Alolan Exeggutor ex,0,true,false,false,false,false,false,false,300,3,9,-1,-1,false,true,false,653,true,false,true,false,2,false,false,false,false,false,false,false,false,false,true,2,150,2,false
194,Altaria,0,true,false,false,false,false,false,false,120,1,9,-1,-1,false,true,false,197,false,false,false,false,1,false,false,false,false,false,false,false,false,false,true,2,100,1,false
195,Dialga,0,true,false,false,false,false,false,false,130,2,9,-1,-1,true,false,false,-1,false,false,false,false,1,false,false,false,false,false,false,false,false,false,true,2,160,1,false
196,Turtonator,0,true,false,false,false,false,false,false,120,3,9,-1,-1,true,false,false,-1,false,false,false,false,1,false,false,false,false,false,false,false,false,false,true,2,100,1,false
197,Swablu,0,true,false,false,false,false,false,false,50,1,0,4,6,true,false,false,-1,false,false,false,false,1,true,false,false,false,false,false,false,false,false,false,1,10,1,false
198,Durant ex,0,true,false,false,false,false,false,false,190,2,1,2,-1,true,false,false,-1,true,false,false,false,2,false,true,false,false,false,false,false,false,false,false,1,120,3,true
199,Scatterbug,0,true,false,false,false,false,false,false,40,1,1,2,-1,true,false,false,-1,false,false,false,false,1,false,true,false,false,false,false,false,false,false,false,1,0,1,false
200,Spewpa,0,true,false,false,false,false,false,false,80,3,1,2,-1,false,true,false,1017,false,false,false,false,1,false,true,false,false,false,false,false,false,false,false,2,30,1,false
201,Wo-Chien,0,true,false,false,false,false,false,false,130,3,1,2,-1,true,false,false,-1,false,false,false,false,1,false,true,false,false,false,false,false,false,false,false,2,130,2,false
202,Victini,0,true,false,false,false,false,false,false,70,1,2,3,-1,true,false,false,-1,false,false,false,false,1,false,false,true,false,false,false,false,false,false,false,1,30,2,false
203,Skeledirge,0,true,false,false,false,false,false,false,180,3,2,3,-1,false,false,true,936,false,false,false,false,1,false,false,true,false,false,false,false,false,false,false,1,60,2,true
204,Charcadet,0,true,false,false,false,false,false,false,80,2,2,3,-1,true,false,false,-1,false,false,false,false,1,false,false,true,false,false,false,false,false,false,false,2,70,1,false
205,Scovillain ex,0,true,false,false,false,false,false,false,260,2,2,3,-1,false,true,false,925,true,false,false,false,2,false,false,true,false,false,false,false,false,false,false,1,10,2,true
206,Feebas,0,true,false,false,false,false,false,false,30,1,3,4,-1,true,false,false,-1,false,false,false,false,1,false,false,false,true,false,false,false,false,false,false,1,0,1,false
207,Milotic ex,0,true,false,false,false,false,false,false,270,2,3,4,-1,false,true,false,242,true,false,false,false,2,false,false,false,true,false,false,false,false,false,false,1,160,3,false
208,Shellos,0,true,false,false,false,false,false,false,70,2,3,4,-1,true,false,false,-1,false,false,false,false,1,false,false,false,true,false,false,false,false,false,false,1,30,2,false
209,Chien-Pao,0,true,false,false,false,false,false,false,120,1,3,8,-1,true,false,false,-1,false,false,false,false,1,false,false,false,true,false,false,false,false,false,false,1,120,3,false
210,Pikachu ex,0,true,false,false,false,false,false,false,200,1,4,6,-1,true,false,false,-1,true,false,true,false,2,false,false,false,false,true,false,false,false,false,false,1,300,3,false
211,Magneton,0,true,false,false,false,false,false,false,100,1,4,6,-1,false,true,false,950,false,false,false,false,1,false,false,false,false,true,false,false,false,false,false,1,40,2,false
212,Rotom,0,true,false,false,false,false,false,false,80,1,4,6,-1,true,false,false,-1,false,false,false,false,1,false,false,false,false,true,false,false,false,false,false,2,0,1,true
213,Tapu Koko,0,true,false,false,false,false,false,false,120,1,4,6,-1,true,false,false,-1,false,false,false,false,1,false,false,false,false,true,false,false,false,false,false,2,90,1,false
214,Togekiss,0,true,false,false,false,false,false,false,140,1,5,8,-1,false,false,true,960,false,false,false,false,1,false,false,false,false,false,true,false,false,false,false,1,140,3,false
215,Uxie,0,true,false,false,false,false,false,false,70,1,5,7,6,true,false,false,-1,false,false,false,false,1,false,false,false,false,false,true,false,false,false,false,1,0,1,false
216,Mesprit,0,true,false,false,false,false,false,false,70,1,5,7,6,true,false,false,-1,false,false,false,false,1,false,false,false,false,false,true,false,false,false,false,2,160,1,false
217,Azelf,0,true,false,false,false,false,false,false,70,1,5,7,6,true,false,false,-1,false,false,false,false,1,false,false,false,false,false,true,false,false,false,false,1,10,2,true
218,Yamask,0,true,false,false,false,false,false,false,70,2,5,7,6,true,false,false,-1,false,false,false,false,1,false,false,false,false,false,true,false,false,false,false,2,20,1,false
219,Cofagrigus,0,true,false,false,false,false,false,false,120,2,5,7,6,false,true,false,592,false,false,false,false,1,false,false,false,false,false,true,false,false,false,false,2,100,1,false
220,Espurr,0,true,false,false,false,false,false,false,60,1,5,7,6,true,false,false,-1,false,false,false,false,1,false,false,false,false,false,true,false,false,false,false,2,20,1,false
221,Meowstic,0,true,false,false,false,false,false,false,90,1,5,7,6,false,true,false,1042,false,false,false,false,1,false,false,false,false,false,true,false,false,false,false,1,80,3,false
222,Dedenne,0,true,false,false,false,false,false,false,70,1,5,8,-1,true,false,false,-1,false,false,false,false,1,false,false,false,false,false,true,false,false,false,false,2,30,1,false
223,PalossandEX,0,true,false,false,false,false,false,false,280,4,5,7,6,false,true,false,111,true,false,true,false,2,false,false,false,false,false,true,false,false,false,false,2,160,3,false
224,Annihilape,0,true,false,false,false,false,false,false,140,2,6,5,-1,false,false,true,438,false,false,false,false,1,false,false,false,false,false,false,true,false,false,false,2,130,1,false
225,Gastrodon,0,true,false,false,false,false,false,false,130,3,6,1,-1,false,true,false,208,false,false,false,false,1,false,false,false,false,false,false,true,false,false,false,1,80,3,false
226,Koraidon,0,true,false,false,false,false,false,false,130,2,6,5,-1,true,false,false,-1,false,false,false,false,1,false,false,false,false,false,false,true,false,false,false,2,110,2,false
227,Deino,0,true,false,false,false,false,false,false,70,1,7,1,-1,true,false,false,-1,false,false,false,false,1,false,false,false,false,false,false,false,true,false,false,2,20,1,false
228,Zweilous,0,true,false,false,false,false,false,false,100,2,7,1,-1,false,true,false,616,false,false,false,false,1,false,false,false,false,false,false,false,true,false,false,2,60,1,false
229,Hydreigon ex,0,true,false,false,false,false,false,false,330,3,7,1,-1,false,false,true,617,true,false,true,false,2,false,false,false,false,false,false,false,true,false,false,2,200,2,false
230,Pecharunt,0,true,false,false,false,false,false,false,80,1,7,6,-1,true,false,false,-1,false,false,false,false,1,false,false,false,false,false,false,false,true,false,false,1,10,2,false
231,Tatsugiri ex,0,true,false,false,false,false,false,false,160,1,9,-1,-1,true,false,false,-1,true,false,true,false,2,false,false,false,false,false,false,false,false,false,true,2,100,2,false
232,Slaking ex,0,true,false,false,false,false,false,false,340,4,0,6,-1,false,false,true,999,true,false,false,false,2,true,false,false,false,false,false,false,false,false,false,1,280,2,false
233,Bouffalant,0,true,false,false,false,false,false,false,130,2,0,6,-1,true,false,false,-1,false,false,false,false,1,true,false,false,false,false,false,false,false,false,false,2,150,2,false
234,Terapagos,0,true,false,false,false,false,false,false,120,2,0,6,-1,true,false,false,-1,false,false,false,false,1,true,false,false,false,false,false,false,false,false,false,2,100,1,false
235,Budew,0,true,false,false,false,false,false,false,30,0,1,2,-1,true,false,false,-1,false,false,false,false,1,false,true,false,false,false,false,false,false,false,false,1,10,0,false
236,Leafeon ex,0,true,false,false,false,false,false,false,270,2,1,2,-1,false,true,false,317,true,false,true,false,2,false,true,false,false,false,false,false,false,false,false,2,230,2,true
237,Cottonee,0,true,false,false,false,false,false,false,60,1,1,2,-1,true,false,false,-1,false,false,false,false,1,false,true,false,false,false,false,false,false,false,false,1,0,1,true
238,Whimsicott,0,true,false,false,false,false,false,false,100,1,1,2,-1,false,true,false,814,false,false,false,false,1,false,true,false,false,false,false,false,false,false,false,1,40,1,false
239,Flareon ex,0,true,false,false,false,false,false,false,270,2,2,3,-1,false,true,false,317,true,false,true,false,2,false,false,true,false,false,false,false,false,false,false,2,280,2,false
240,Seaking,0,true,false,false,false,false,false,false,110,1,3,4,-1,false,true,false,100,false,false,false,false,1,false,false,false,true,false,false,false,false,false,false,1,60,1,false
241,Vaporeon ex,0,true,false,false,false,false,false,false,280,2,3,4,-1,false,true,false,317,true,false,true,false,2,false,false,false,true,false,false,false,false,false,false,2,280,2,false
242,Feebas,0,true,false,false,false,false,false,false,30,1,3,4,-1,true,false,false,-1,false,false,false,false,1,false,false,false,true,false,false,false,false,false,false,1,0,1,true
243,Glaceon ex,0,true,false,false,false,false,false,false,270,1,3,8,-1,false,true,false,317,true,false,true,false,2,false,false,false,true,false,false,false,false,false,false,2,110,2,false
244,Jolteon ex,0,true,false,false,false,false,false,false,260,0,4,6,-1,false,true,false,317,true,false,true,false,2,false,false,false,false,true,false,false,false,false,false,2,280,2,true
245,Alakazam,0,true,false,false,false,false,false,false,140,1,5,7,6,false,false,true,742,false,false,false,false,1,false,false,false,false,false,true,false,false,false,false,2,10,1,true
246,Espeon ex,0,true,false,false,false,false,false,false,270,1,5,7,6,false,true,false,317,true,false,true,false,2,false,false,false,false,false,true,false,false,false,false,2,160,3,false
247,Swirlix,0,true,false,false,false,false,false,false,50,1,5,8,-1,true,false,false,-1,false,false,false,false,1,false,false,false,false,false,true,false,false,false,false,1,0,1,false
248,Umbreon ex,0,true,false,false,false,false,false,false,280,2,7,1,-1,false,true,false,317,true,false,true,false,2,false,false,false,false,false,false,false,true,false,false,2,160,3,false
249,Eevee ex,0,true,false,false,false,false,false,false,200,1,0,6,-1,true,false,false,-1,true,false,true,false,2,true,false,false,false,false,false,false,false,false,false,1,200,3,false
250,Hoothoot,0,true,false,false,false,false,false,false,80,2,0,4,6,true,false,false,-1,false,false,false,false,1,true,false,false,false,false,false,false,false,false,false,1,20,2,false
251,Regigigas,0,true,false,false,false,false,false,false,160,4,0,6,-1,true,false,false,-1,false,false,false,false,1,true,false,false,false,false,false,false,false,false,false,1,100,4,false
252,Caterpie,0,true,false,false,false,false,false,false,50,1,1,2,-1,true,false,false,-1,false,false,false,false,1,false,true,false,false,false,false,false,false,false,false,1,20,1,false
253,Metapod,0,true,false,false,false,false,false,false,90,3,1,2,-1,false,true,false,252,false,false,false,false,1,false,true,false,false,false,false,false,false,false,false,1,0,1,false
254,Butterfree,0,true,false,false,false,false,false,false,120,1,1,2,-1,false,false,true,253,false,false,false,false,1,false,true,false,false,false,false,false,false,false,false,1,0,1,true
255,Maractus,0,true,false,false,false,false,false,false,110,2,1,2,-1,true,false,false,-1,false,false,false,false,1,false,true,false,false,false,false,false,false,false,false,1,20,1,false
256,Magmortar,0,true,false,false,false,false,false,false,130,2,2,3,-1,false,true,false,929,false,false,false,false,1,false,false,true,false,false,false,false,false,false,false,1,90,3,false
257,N’s Darumaka,0,true,false,false,false,false,false,false,80,2,2,3,-1,true,false,false,-1,false,false,false,false,1,false,false,true,false,false,false,false,false,false,false,2,50,2,false
258,N’s Darmanitan,0,true,false,false,false,false,false,false,140,3,2,3,-1,false,true,false,257,false,false,false,false,1,false,false,true,false,false,false,false,false,false,false,2,90,2,true
259,Volcanion ex,0,true,false,false,false,false,false,false,220,3,2,3,-1,true,false,false,-1,true,false,false,false,2,false,false,true,false,false,false,false,false,false,false,1,160,3,false
260,Lotad,0,true,false,false,false,false,false,false,60,1,3,4,-1,true,false,false,-1,false,false,false,false,1,false,false,false,true,false,false,false,false,false,false,1,20,1,false
261,Lombre,0,true,false,false,false,false,false,false,90,1,3,4,-1,false,true,false,782,false,false,false,false,1,false,false,false,true,false,false,false,false,false,false,1,70,2,false
262,Ludicolo,0,true,false,false,false,false,false,false,140,2,3,4,-1,false,false,true,783,false,false,false,false,1,false,false,false,true,false,false,false,false,false,false,1,130,3,false
263,Wailmer,0,true,false,false,false,false,false,false,130,3,3,4,-1,true,false,false,-1,false,false,false,false,1,false,false,false,true,false,false,false,false,false,false,1,60,3,false
264,Wailord,0,true,false,false,false,false,false,false,240,4,3,4,-1,false,true,false,263,false,false,false,false,1,false,false,false,true,false,false,false,false,false,false,1,10,4,true
265,Iono’s Voltorb,0,true,false,false,false,false,false,false,70,1,4,6,-1,true,false,false,-1,false,false,false,false,1,false,false,false,false,true,false,false,false,false,false,1,20,2,true
266,Iono’s Electrode,0,true,false,false,false,false,false,false,100,0,4,6,-1,false,true,false,265,false,false,false,false,1,false,false,false,false,true,false,false,false,false,false,2,100,2,false
267,N’s Joltik,0,true,false,false,false,false,false,false,40,1,4,6,-1,true,false,false,-1,false,false,false,false,1,false,false,false,false,true,false,false,false,false,false,1,30,2,false
268,Iono’s Tadbulb,0,true,false,false,false,false,false,false,60,2,4,6,-1,true,false,false,-1,false,false,false,false,1,false,false,false,false,true,false,false,false,false,false,1,30,2,false
269,Iono’s Bellibolt ex,0,true,false,false,false,false,false,false,280,2,4,6,-1,false,true,false,268,true,false,false,false,2,false,false,false,false,true,false,false,false,false,false,1,230,4,false
270,Iono’s Wattrel,0,true,false,false,false,false,false,false,60,1,4,4,6,true,false,false,-1,false,false,false,false,1,false,false,false,false,true,false,false,false,false,false,1,10,1,false
271,Iono’s Kilowattrel,0,true,false,false,false,false,false,false,120,1,4,4,6,false,true,false,270,false,false,false,false,1,false,false,false,false,true,false,false,false,false,false,1,70,3,false
272,Lillie’s Clefairy ex,0,true,false,false,false,false,false,false,190,1,5,8,-1,true,false,false,-1,true,false,false,false,2,false,false,false,false,false,true,false,false,false,false,1,20,2,true
273,Banette,0,true,false,false,false,false,false,false,90,1,5,7,6,false,true,false,963,false,false,false,false,1,false,false,false,false,false,true,false,false,false,false,2,70,1,false
274,Beldum,0,true,false,false,false,false,false,false,60,1,5,7,6,true,false,false,-1,false,false,false,false,1,false,false,false,false,false,true,false,false,false,false,2,30,1,false
275,Metang,0,true,false,false,false,false,false,false,100,2,5,7,6,false,true,false,274,false,false,false,false,1,false,false,false,false,false,true,false,false,false,false,2,50,1,false
276,Metagross,0,true,false,false,false,false,false,false,170,3,5,7,6,false,false,true,275,false,false,false,false,1,false,false,false,false,false,true,false,false,false,false,2,130,1,false
277,N’s Sigilyph,0,true,false,false,false,false,false,false,110,1,5,4,6,true,false,false,-1,false,false,false,false,1,false,false,false,false,false,true,false,false,false,false,2,20,1,false
278,Lillie’s Cutiefly,0,true,false,false,false,false,false,false,30,0,5,8,-1,true,false,false,-1,false,false,false,false,1,false,false,false,false,false,true,false,false,false,false,1,0,1,false
279,Lillie’s Ribombee,0,true,false,false,false,false,false,false,70,0,5,8,-1,false,true,false,278,false,false,false,false,1,false,false,false,false,false,true,false,false,false,false,1,50,1,false
280,Lillie’s Comfey,0,true,false,false,false,false,false,false,70,1,5,8,-1,true,false,false,-1,false,false,false,false,1,false,false,false,false,false,true,false,false,false,false,2,30,1,false
281,Swinub,0,true,false,false,false,false,false,false,70,2,6,1,-1,true,false,false,-1,false,false,false,false,1,false,false,false,false,false,false,true,false,false,false,2,10,1,false
282,Piloswine,0,true,false,false,false,false,false,false,100,3,6,1,-1,false,true,false,800,false,false,false,false,1,false,false,false,false,false,false,true,false,false,false,2,50,1,false
283,Mamoswine ex,0,true,false,false,false,false,false,false,340,4,6,1,-1,false,false,true,801,true,false,false,false,2,false,false,false,false,false,false,true,false,false,false,1,180,2,true
284,Larvitar,0,true,false,false,false,false,false,false,70,1,6,1,-1,true,false,false,-1,false,false,false,false,1,false,false,false,false,false,false,true,false,false,false,1,20,2,false
285,Pupitar,0,true,false,false,false,false,false,false,90,1,6,1,-1,false,true,false,284,false,false,false,false,1,false,false,false,false,false,false,true,false,false,false,1,60,2,false
286,Rockruff,0,true,false,false,false,false,false,false,70,1,6,1,-1,true,false,false,-1,false,false,false,false,1,false,false,false,false,false,false,true,false,false,false,2,20,1,false
287,Lycanroc,0,true,false,false,false,false,false,false,120,2,6,1,-1,false,true,false,286,false,false,false,false,1,false,false,false,false,false,false,true,false,false,false,1,40,3,true
288,Hop’s Silicobra,0,true,false,false,false,false,false,false,80,2,6,1,-1,true,false,false,-1,false,false,false,false,1,false,false,false,false,false,false,true,false,false,false,2,20,1,false
289,Hop’s Sandaconda,0,true,false,false,false,false,false,false,140,3,6,1,-1,false,true,false,288,false,false,false,false,1,false,false,false,false,false,false,true,false,false,false,2,140,2,false
290,Tyranitar,0,true,false,false,false,false,false,false,190,3,7,1,-1,false,false,true,285,false,false,false,false,1,false,false,false,false,false,false,false,true,false,false,1,150,2,false
291,N’s Purrloin,0,true,false,false,false,false,false,false,70,1,7,1,-1,true,false,false,-1,false,false,false,false,1,false,false,false,false,false,false,false,true,false,false,1,30,2,false
292,N’s Zorua,0,true,false,false,false,false,false,false,70,1,7,1,-1,true,false,false,-1,false,false,false,false,1,false,false,false,false,false,false,false,true,false,false,1,20,1,false
293,N’s Zoroark ex,0,true,false,false,false,false,false,false,280,2,7,1,-1,false,true,false,292,true,false,false,false,2,false,false,false,false,false,false,false,true,false,false,1,0,2,false
294,N’s Klink,0,true,false,false,false,false,false,false,60,1,8,2,1,true,false,false,-1,false,false,false,false,1,false,false,false,false,false,false,false,false,true,false,1,0,1,true
295,N’s Klang,0,true,false,false,false,false,false,false,90,3,8,2,1,false,true,false,294,false,false,false,false,1,false,false,false,false,false,false,false,false,true,false,2,40,1,false
296,N’s Klinklang,0,true,false,false,false,false,false,false,160,3,8,2,1,false,false,true,295,false,false,false,false,1,false,false,false,false,false,false,false,false,true,false,2,50,1,true
297,Magearna,0,true,false,false,false,false,false,false,90,1,8,2,1,true,false,false,-1,false,false,false,false,1,false,false,false,false,false,false,false,false,true,false,1,20,1,false
298,Hop’s Corviknight,0,true,false,false,false,false,false,false,170,2,8,4,6,false,false,true,308,false,false,false,false,1,false,false,false,false,false,false,false,false,true,false,2,150,1,false
299,Hop’s Zacian ex,0,true,false,false,false,false,false,false,230,2,8,2,1,true,false,false,-1,true,false,false,false,2,false,false,false,false,false,false,false,false,true,false,2,240,1,false
300,Bagon,0,true,false,false,false,false,false,false,70,2,9,-1,-1,true,false,false,-1,false,false,false,false,1,false,false,false,false,false,false,false,false,false,true,2,50,1,false
301,Shelgon,0,true,false,false,false,false,false,false,100,2,9,-1,-1,false,true,false,300,false,false,false,false,1,false,false,false,false,false,false,false,false,false,true,2,80,2,false
302,Salamence ex,0,true,false,false,false,false,false,false,320,2,9,-1,-1,false,false,true,301,true,false,false,false,2,false,false,false,false,false,false,false,false,false,true,2,300,3,false
303,N’s Reshiram,0,true,false,false,false,false,false,false,130,2,9,-1,-1,true,false,false,-1,false,false,false,false,1,false,false,false,false,false,false,false,false,false,true,2,170,2,true
304,Hop’s Snorlax,0,true,false,false,false,false,false,false,150,4,0,6,-1,true,false,false,-1,false,false,false,false,1,true,false,false,false,false,false,false,false,false,false,1,140,3,false
305,Dunsparce,0,true,false,false,false,false,false,false,70,1,0,6,-1,true,false,false,-1,false,false,false,false,1,true,false,false,false,false,false,false,false,false,false,2,20,1,false
306,Dudunsparce ex,0,true,false,false,false,false,false,false,270,3,0,6,-1,false,true,false,305,true,false,false,false,2,true,false,false,false,false,false,false,false,false,false,2,150,1,true
307,Hop’s Rookidee,0,true,false,false,false,false,false,false,60,1,0,4,6,true,false,false,-1,false,false,false,false,1,true,false,false,false,false,false,false,false,false,false,2,20,1,false
308,Hop’s Corvisquire,0,true,false,false,false,false,false,false,90,1,0,4,6,false,true,false,307,false,false,false,false,1,true,false,false,false,false,false,false,false,false,false,2,80,1,false
309,Hop’s Wooloo,0,true,false,false,false,false,false,false,70,1,0,6,-1,true,false,false,-1,false,false,false,false,1,true,false,false,false,false,false,false,false,false,false,1,50,3,false
310,Hop’s Dubwool,0,true,false,false,false,false,false,false,120,2,0,6,-1,false,true,false,309,false,false,false,false,1,true,false,false,false,false,false,false,false,false,false,1,80,3,false
311,Hop’s Cramorant,0,true,false,false,false,false,false,false,110,1,0,4,6,true,false,false,-1,false,false,false,false,1,true,false,false,false,false,false,false,false,false,false,1,120,1,false
312,Sandy Shocks,0,true,false,false,false,false,false,false,120,2,6,1,-1,true,false,false,-1,false,false,false,false,1,false,false,false,false,false,false,true,false,false,false,2,60,1,false
313,Miraidon ex,0,true,false,false,false,false,false,false,220,1,9,-1,-1,true,false,false,-1,true,false,false,false,2,false,false,false,false,false,false,false,false,false,true,2,220,2,false
314,Marill,0,true,false,false,false,false,false,false,70,1,3,4,-1,true,false,false,-1,false,false,false,false,1,false,false,false,true,false,false,false,false,false,false,1,10,1,false
315,Azumarill,0,true,false,false,false,false,false,false,120,2,5,8,-1,false,true,false,961,false,false,false,false,1,false,false,false,false,false,true,false,false,false,false,1,230,4,false
316,Sylveon ex,0,true,false,false,false,false,false,false,270,2,5,8,-1,false,true,false,317,true,false,true,false,2,false,false,false,false,false,true,false,false,false,false,2,160,3,false
317,Eevee,0,true,false,false,false,false,false,false,50,1,0,6,-1,true,false,false,-1,false,false,false,false,1,true,false,false,false,false,false,false,false,false,false,1,30,2,false
318,Ho-Oh,0,true,false,false,false,false,false,false,130,2,2,4,6,true,false,false,-1,false,false,false,false,1,false,false,true,false,false,false,false,false,false,false,2,100,2,false
319,Charcadet,0,true,false,false,false,false,false,false,70,1,2,3,-1,true,false,false,-1,false,false,false,false,1,false,false,true,false,false,false,false,false,false,false,1,20,1,false
320,Ceruledge ex,0,true,false,false,false,false,false,false,270,2,2,3,-1,false,true,false,796,true,false,true,false,2,false,false,true,false,false,false,false,false,false,false,2,280,1,true
321,Petilil,0,true,false,false,false,false,false,false,50,1,1,2,-1,true,false,false,-1,false,false,false,false,1,false,true,false,false,false,false,false,false,false,false,1,30,2,false
322,Lilligant,0,true,false,false,false,false,false,false,110,2,1,2,-1,false,true,false,484,false,false,false,false,1,false,true,false,false,false,false,false,false,false,false,1,60,3,false
323,Nymble,0,true,false,false,false,false,false,false,50,1,1,2,-1,true,false,false,-1,false,false,false,false,1,false,true,false,false,false,false,false,false,false,false,1,20,1,false
324,Torchic,0,true,false,false,false,false,false,false,60,1,2,3,-1,true,false,false,-1,false,false,false,false,1,false,false,true,false,false,false,false,false,false,false,1,30,2,false
325,Combusken,0,true,false,false,false,false,false,false,90,2,2,3,-1,false,true,false,410,false,false,false,false,1,false,false,true,false,false,false,false,false,false,false,1,50,2,false
326,Blaziken ex,0,true,false,false,false,false,false,false,320,2,2,3,-1,false,false,true,411,true,false,false,false,2,false,false,true,false,false,false,false,false,false,false,1,200,2,false
327,Slowpoke,0,true,false,false,false,false,false,false,70,2,3,4,-1,true,false,false,-1,false,false,false,false,1,false,false,false,true,false,false,false,false,false,false,2,30,1,false
328,Pikachu ex,0,true,false,false,false,false,false,false,190,1,4,6,-1,true,false,false,-1,true,false,false,false,2,false,false,false,false,true,false,false,false,false,false,2,220,1,false
329,Tapu Koko ex,0,true,false,false,false,false,false,false,200,0,4,6,-1,true,false,false,-1,true,false,false,false,2,false,false,false,false,true,false,false,false,false,false,1,60,2,true
330,Sylveon,0,true,false,false,false,false,false,false,120,1,5,8,-1,false,true,false,317,false,false,false,false,1,false,false,false,false,false,true,false,false,false,false,1,100,3,false
331,XerneasEX,0,true,false,false,false,false,false,false,210,1,5,8,-1,true,false,false,-1,true,false,false,false,2,false,false,false,false,false,true,false,false,false,false,2,120,2,false
332,Dhelmise,0,true,false,false,false,false,false,false,130,3,5,7,6,true,false,false,-1,false,false,false,false,1,false,false,false,false,false,true,false,false,false,false,2,130,3,false
333,Riolu,0,true,false,false,false,false,false,false,70,1,6,5,-1,true,false,false,-1,false,false,false,false,1,false,false,false,false,false,false,true,false,false,false,1,10,1,false
334,Sneasel,0,true,false,false,false,false,false,false,60,0,7,1,-1,true,false,false,-1,false,false,false,false,1,false,false,false,false,false,false,false,true,false,false,1,20,1,false
335,Bronzor,0,true,false,false,false,false,false,false,70,1,8,2,1,true,false,false,-1,false,false,false,false,1,false,false,false,false,false,false,false,false,true,false,1,20,2,false
336,Zacian ex,0,true,false,false,false,false,false,false,220,2,8,2,1,true,false,false,-1,true,false,false,false,2,false,false,false,false,false,false,false,false,true,false,2,210,1,false
337,LugiaEX,0,true,false,false,false,false,false,false,220,2,0,4,6,true,false,false,-1,true,false,false,false,2,true,false,false,false,false,false,false,false,false,false,1,140,3,true
338,Ethan's Pinsir,0,true,false,false,false,false,false,false,120,2,1,2,-1,true,false,false,-1,false,false,false,false,1,false,true,false,false,false,false,false,false,false,false,2,70,1,false
339,Yanma,0,true,false,false,false,false,false,false,70,1,1,4,6,true,false,false,-1,false,false,false,false,1,false,true,false,false,false,false,false,false,false,false,2,30,1,false
340,Yanmega ex,0,true,false,false,false,false,false,false,280,1,1,4,6,false,true,false,339,true,false,false,false,2,false,true,false,false,false,false,false,false,false,false,1,210,4,false
341,Cynthia's Roselia,0,true,false,false,false,false,false,false,70,1,1,2,-1,true,false,false,-1,false,false,false,false,1,false,true,false,false,false,false,false,false,false,false,1,20,1,false
342,Cynthia's Roserade,0,true,false,false,false,false,false,false,130,1,1,2,-1,false,true,false,341,false,false,false,false,1,false,true,false,false,false,false,false,false,false,false,1,80,3,false
343,Shaymin,0,true,false,false,false,false,false,false,80,1,1,2,-1,true,false,false,-1,false,false,false,false,1,false,true,false,false,false,false,false,false,false,false,1,30,2,false
344,Dwebble,0,true,false,false,false,false,false,false,70,2,1,2,-1,true,false,false,-1,false,false,false,false,1,false,true,false,false,false,false,false,false,false,false,1,0,1,false
345,Crustle,0,true,false,false,false,false,false,false,150,3,1,2,-1,false,true,false,532,false,false,false,false,1,false,true,false,false,false,false,false,false,false,false,1,120,3,false
346,Applin,0,true,false,false,false,false,false,false,40,1,1,2,-1,true,false,false,-1,false,false,false,false,1,false,true,false,false,false,false,false,false,false,false,1,10,1,false
347,Dipplin,0,true,false,false,false,false,false,false,90,3,1,2,-1,false,true,false,346,false,false,false,false,1,false,true,false,false,false,false,false,false,false,false,1,50,1,false
348,Hydrapple,0,true,false,false,false,false,false,false,170,3,1,2,-1,false,false,true,921,false,false,false,false,1,false,true,false,false,false,false,false,false,false,false,2,140,1,false
349,Teal Mask Ogerpon,0,true,false,false,false,false,false,false,110,1,1,2,-1,true,false,false,-1,false,false,false,false,1,false,true,false,false,false,false,false,false,false,false,2,120,1,false
350,Ponyta,0,true,false,false,false,false,false,false,70,1,2,3,-1,true,false,false,-1,false,false,false,false,1,false,false,true,false,false,false,false,false,false,false,1,0,1,true
351,Rapidash,0,true,false,false,false,false,false,false,110,1,2,3,-1,false,true,false,350,false,false,false,false,1,false,false,true,false,false,false,false,false,false,false,1,60,2,false
352,Ethan's Cyndaquil,0,true,false,false,false,false,false,false,70,1,2,3,-1,true,false,false,-1,false,false,false,false,1,false,false,true,false,false,false,false,false,false,false,1,30,1,false
353,Ethan's Quilava,0,true,false,false,false,false,false,false,100,1,2,3,-1,false,true,false,352,false,false,false,false,1,false,false,true,false,false,false,false,false,false,false,1,40,1,false
354,Ethan's Typhlosion,0,true,false,false,false,false,false,false,170,2,2,3,-1,false,false,true,353,false,false,false,false,1,false,false,true,false,false,false,false,false,false,false,2,160,1,true
355,Ethan's Slugma,0,true,false,false,false,false,false,false,80,2,2,3,-1,true,false,false,-1,false,false,false,false,1,false,false,true,false,false,false,false,false,false,false,1,20,1,false
356,Ethan's Magcargo,0,true,false,false,false,false,false,false,130,3,2,3,-1,false,true,false,355,false,false,false,false,1,false,false,true,false,false,false,false,false,false,false,1,0,3,true
357,Ethan's Ho-Oh ex,0,true,false,false,false,false,false,false,230,2,2,3,-1,true,false,false,-1,true,false,false,false,2,false,false,true,false,false,false,false,false,false,false,1,160,4,false
358,Hearthflame Mask Ogerpon,0,true,false,false,false,false,false,false,110,1,2,3,-1,true,false,false,-1,false,false,false,false,1,false,false,true,false,false,false,false,false,false,false,2,80,1,false
359,Misty's Psyduck,0,true,false,false,false,false,false,false,70,1,3,4,-1,true,false,false,-1,false,false,false,false,1,false,false,false,true,false,false,false,false,false,false,1,30,1,false
360,Misty's Staryu,0,true,false,false,false,false,false,false,70,1,3,4,-1,true,false,false,-1,false,false,false,false,1,false,false,false,true,false,false,false,false,false,false,1,20,1,false
361,Misty's Starmie,0,true,false,false,false,false,false,false,100,1,3,4,-1,false,true,false,360,false,false,false,false,1,false,false,false,true,false,false,false,false,false,false,1,60,1,false
362,Misty's Magikarp,0,true,false,false,false,false,false,false,30,1,3,4,-1,true,false,false,-1,false,false,false,false,1,false,false,false,true,false,false,false,false,false,false,1,10,1,false
363,Misty's Gyarados,0,true,false,false,false,false,false,false,180,4,3,4,-1,false,true,false,362,false,false,false,false,1,false,false,false,true,false,false,false,false,false,false,2,120,1,true
364,Misty's Lapras,0,true,false,false,false,false,false,false,110,1,3,4,-1,true,false,false,-1,false,false,false,false,1,false,false,false,true,false,false,false,false,false,false,2,60,1,false
365,Cynthia's Feebas,0,true,false,false,false,false,false,false,30,1,3,4,-1,true,false,false,-1,false,false,false,false,1,false,false,false,true,false,false,false,false,false,false,1,10,1,false
366,Cynthia's Milotic,0,true,false,false,false,false,false,false,130,2,3,4,-1,false,true,false,365,false,false,false,false,1,false,false,false,true,false,false,false,false,false,false,1,60,2,false
367,Buizel,0,true,false,false,false,false,false,false,70,1,3,4,-1,true,false,false,-1,false,false,false,false,1,false,false,false,true,false,false,false,false,false,false,2,30,1,false
368,Floatzel,0,true,false,false,false,false,false,false,120,1,3,4,-1,false,true,false,367,false,false,false,false,1,false,false,false,true,false,false,false,false,false,false,2,140,2,false
369,Dondozo ex,0,true,false,false,false,false,false,false,260,4,3,4,-1,true,false,false,-1,true,false,false,false,2,false,false,false,true,false,false,false,false,false,false,2,120,2,true
370,Wellspring Mask Ogerpon,0,true,false,false,false,false,false,false,110,1,3,4,-1,true,false,false,-1,false,false,false,false,1,false,false,false,true,false,false,false,false,false,false,2,100,1,false
371,Electabuzz,0,true,false,false,false,false,false,false,90,2,4,6,-1,true,false,false,-1,false,false,false,false,1,false,false,false,false,true,false,false,false,false,false,1,50,2,false
372,Electivire ex,0,true,false,false,false,false,false,false,280,4,4,6,-1,false,true,false,371,true,false,false,false,2,false,false,false,false,true,false,false,false,false,false,2,180,2,false
373,Ethan's Pichu,0,true,false,false,false,false,false,false,30,0,4,6,-1,true,false,false,-1,false,false,false,false,1,false,false,false,false,true,false,false,false,false,false,1,30,0,false
374,Electrike,0,true,false,false,false,false,false,false,60,1,4,6,-1,true,false,false,-1,false,false,false,false,1,false,false,false,false,true,false,false,false,false,false,2,30,1,false
375,Manectric,0,true,false,false,false,false,false,false,120,1,4,6,-1,false,true,false,736,false,false,false,false,1,false,false,false,false,true,false,false,false,false,false,2,120,1,false
376,Rotom,0,true,false,false,false,false,false,false,60,1,4,6,-1,true,false,false,-1,false,false,false,false,1,false,false,false,false,true,false,false,false,false,false,2,20,1,true
377,Zeraora,0,true,false,false,false,false,false,false,100,1,4,6,-1,true,false,false,-1,false,false,false,false,1,false,false,false,false,true,false,false,false,false,false,2,20,1,false
378,Ethan's Sudowoodo,0,true,false,false,false,false,false,false,110,1,6,1,-1,true,false,false,-1,false,false,false,false,1,false,false,false,false,false,false,true,false,false,false,2,20,1,false
379,Cynthia's Gible,0,true,false,false,false,false,false,false,70,1,6,1,-1,true,false,false,-1,false,false,false,false,1,false,false,false,false,false,false,true,false,false,false,1,20,1,false
380,Cynthia's Gabite,0,true,false,false,false,false,false,false,100,1,6,1,-1,false,true,false,379,false,false,false,false,1,false,false,false,false,false,false,true,false,false,false,1,40,1,false
381,Cynthia's Garchomp ex,0,true,false,false,false,false,false,false,330,0,6,1,-1,false,false,true,380,true,false,false,false,2,false,false,false,false,false,false,true,false,false,false,2,260,1,false
382,Mudbray,0,true,false,false,false,false,false,false,90,3,6,1,-1,true,false,false,-1,false,false,false,false,1,false,false,false,false,false,false,true,false,false,false,1,0,2,true
383,Mudsdale,0,true,false,false,false,false,false,false,150,3,6,1,-1,false,true,false,382,false,false,false,false,1,false,false,false,false,false,false,true,false,false,false,1,130,3,false
384,Arven's Toedscool,0,true,false,false,false,false,false,false,70,1,6,1,-1,true,false,false,-1,false,false,false,false,1,false,false,false,false,false,false,true,false,false,false,1,30,1,false
385,Arven's Toedscruel,0,true,false,false,false,false,false,false,140,2,6,1,-1,false,true,false,384,false,false,false,false,1,false,false,false,false,false,false,true,false,false,false,2,120,1,false
386,Cornerstone Mask Ogerpon,0,true,false,false,false,false,false,false,110,1,6,1,-1,true,false,false,-1,false,false,false,false,1,false,false,false,false,false,false,true,false,false,false,2,100,1,false
387,Cynthia's Spiritomb,0,true,false,false,false,false,false,false,70,1,7,1,-1,true,false,false,-1,false,false,false,false,1,false,false,false,false,false,false,false,true,false,false,1,0,1,true
388,Arven's Maschiff,0,true,false,false,false,false,false,false,70,2,7,1,-1,true,false,false,-1,false,false,false,false,1,false,false,false,false,false,false,false,true,false,false,2,50,1,false
389,Arven's Mabosstiff ex,0,true,false,false,false,false,false,false,270,3,7,1,-1,false,true,false,388,true,false,false,false,2,false,false,false,false,false,false,false,true,false,false,2,210,1,false
390,Tauros,0,true,false,false,false,false,false,false,130,2,0,6,-1,true,false,false,-1,false,false,false,false,1,true,false,false,false,false,false,false,false,false,false,2,50,1,false
391,Arven's Skwovet,0,true,false,false,false,false,false,false,60,1,0,6,-1,true,false,false,-1,false,false,false,false,1,true,false,false,false,false,false,false,false,false,false,1,10,1,false
392,Arven's Greedent,0,true,false,false,false,false,false,false,120,2,0,6,-1,false,true,false,391,false,false,false,false,1,true,false,false,false,false,false,false,false,false,false,1,50,2,false
393,Pineco,0,true,false,false,false,false,false,false,70,2,1,2,-1,true,false,false,-1,false,false,false,false,1,false,true,false,false,false,false,false,false,false,false,1,10,1,false
394,Shroomish,0,true,false,false,false,false,false,false,60,1,1,2,-1,true,false,false,-1,false,false,false,false,1,false,true,false,false,false,false,false,false,false,false,1,30,2,false
395,Breloom,0,true,false,false,false,false,false,false,120,2,1,2,-1,false,true,false,394,false,false,false,false,1,false,true,false,false,false,false,false,false,false,false,2,90,2,true
396,Mow Rotom,0,true,false,false,false,false,false,false,70,1,1,2,-1,true,false,false,-1,false,false,false,false,1,false,true,false,false,false,false,false,false,false,false,2,20,1,true
397,Fomantis,0,true,false,false,false,false,false,false,60,1,1,2,-1,true,false,false,-1,false,false,false,false,1,false,true,false,false,false,false,false,false,false,false,1,20,1,false
398,Lurantis,0,true,false,false,false,false,false,false,120,1,1,2,-1,false,true,false,397,false,false,false,false,1,false,true,false,false,false,false,false,false,false,false,2,130,1,false
399,Team Rocket's Blipbug,0,true,false,false,false,false,false,false,60,1,1,2,-1,true,false,false,-1,false,false,false,false,1,false,true,false,false,false,false,false,false,false,false,1,0,1,false
400,Team Rocket's Tarountula,0,true,false,false,false,false,false,false,50,1,1,2,-1,true,false,false,-1,false,false,false,false,1,false,true,false,false,false,false,false,false,false,false,1,30,1,false
401,Team Rocket's Spidops,0,true,false,false,false,false,false,false,130,2,1,2,-1,false,true,false,400,false,false,false,false,1,false,true,false,false,false,false,false,false,false,false,1,0,2,true
402,Smoliv,0,true,false,false,false,false,false,false,60,1,1,2,-1,true,false,false,-1,false,false,false,false,1,false,true,false,false,false,false,false,false,false,false,1,10,1,false
403,Dolliv,0,true,false,false,false,false,false,false,90,1,1,2,-1,false,true,false,402,false,false,false,false,1,false,true,false,false,false,false,false,false,false,false,2,40,1,false
404,Arboliva ex,0,true,false,false,false,false,false,false,310,2,1,2,-1,false,false,true,403,true,false,false,false,2,false,true,false,false,false,false,false,false,false,false,2,160,1,true
405,Growlithe,0,true,false,false,false,false,false,false,80,2,2,3,-1,true,false,false,-1,false,false,false,false,1,false,false,true,false,false,false,false,false,false,false,2,20,1,false
406,Arcanine,0,true,false,false,false,false,false,false,140,3,2,3,-1,false,true,false,405,false,false,false,false,1,false,false,true,false,false,false,false,false,false,false,2,100,2,false
407,Team Rocket's Moltres ex,0,true,false,false,false,false,false,false,220,2,2,4,6,true,false,false,-1,true,false,false,false,2,false,false,true,false,false,false,false,false,false,false,2,110,3,false
408,Team Rocket's Houndour,0,true,false,false,false,false,false,false,70,1,2,3,-1,true,false,false,-1,false,false,false,false,1,false,false,true,false,false,false,false,false,false,false,1,20,1,false
409,Team Rocket's Houndoom,0,true,false,false,false,false,false,false,130,2,2,3,-1,false,true,false,408,false,false,false,false,1,false,false,true,false,false,false,false,false,false,false,2,120,1,false
410,Torchic,0,true,false,false,false,false,false,false,70,1,2,3,-1,true,false,false,-1,false,false,false,false,1,false,false,true,false,false,false,false,false,false,false,2,10,1,false
411,Combusken,0,true,false,false,false,false,false,false,100,2,2,3,-1,false,true,false,410,false,false,false,false,1,false,false,true,false,false,false,false,false,false,false,2,20,1,true
412,Blaziken,0,true,false,false,false,false,false,false,170,2,2,3,-1,false,false,true,411,false,false,false,false,1,false,false,true,false,false,false,false,false,false,false,2,120,2,false
413,Heat Rotom,0,true,false,false,false,false,false,false,80,2,2,3,-1,true,false,false,-1,false,false,false,false,1,false,false,true,false,false,false,false,false,false,false,2,0,1,true
414,Team Rocket's Articuno,0,true,false,false,false,false,false,false,120,1,3,4,6,true,false,false,-1,false,false,false,false,1,false,false,false,true,false,false,false,false,false,false,1,60,3,false
415,Clamperl,0,true,false,false,false,false,false,false,60,2,3,4,-1,true,false,false,-1,false,false,false,false,1,false,false,false,true,false,false,false,false,false,false,1,10,1,false
416,Huntail,0,true,false,false,false,false,false,false,110,1,3,4,-1,false,true,false,415,false,false,false,false,1,false,false,false,true,false,false,false,false,false,false,1,80,3,false
417,Gorebyss,0,true,false,false,false,false,false,false,90,1,3,4,-1,false,true,false,415,false,false,false,false,1,false,false,false,true,false,false,false,false,false,false,1,0,1,true
418,Snover,0,true,false,false,false,false,false,false,90,3,3,8,-1,true,false,false,-1,false,false,false,false,1,false,false,false,true,false,false,false,false,false,false,2,50,2,false
419,Abomasnow,0,true,false,false,false,false,false,false,150,4,3,8,-1,false,true,false,722,false,false,false,false,1,false,false,false,true,false,false,false,false,false,false,2,120,3,false
420,Wash Rotom,0,true,false,false,false,false,false,false,80,2,3,4,-1,true,false,false,-1,false,false,false,false,1,false,false,false,true,false,false,false,false,false,false,2,20,1,true
421,Arrokuda,0,true,false,false,false,false,false,false,70,1,3,4,-1,true,false,false,-1,false,false,false,false,1,false,false,false,true,false,false,false,false,false,false,1,30,1,false
422,Barraskewda,0,true,false,false,false,false,false,false,130,1,3,4,-1,false,true,false,421,false,false,false,false,1,false,false,false,true,false,false,false,false,false,false,2,60,1,false
423,Cetoddle,0,true,false,false,false,false,false,false,100,3,3,8,-1,true,false,false,-1,false,false,false,false,1,false,false,false,true,false,false,false,false,false,false,2,80,2,false
424,Cetitan ex,0,true,false,false,false,false,false,false,300,4,3,8,-1,false,true,false,423,true,false,false,false,2,false,false,false,true,false,false,false,false,false,false,1,140,4,false
425,Team Rocket's Zapdos,0,true,false,false,false,false,false,false,120,1,4,4,6,true,false,false,-1,false,false,false,false,1,false,false,false,false,true,false,false,false,false,false,2,60,2,false
426,Team Rocket's Mareep,0,true,false,false,false,false,false,false,60,1,4,6,-1,true,false,false,-1,false,false,false,false,1,false,false,false,false,true,false,false,false,false,false,2,10,1,false
427,Team Rocket's Flaaffy,0,true,false,false,false,false,false,false,90,2,4,6,-1,false,true,false,426,false,false,false,false,1,false,false,false,false,true,false,false,false,false,false,1,50,2,false
428,Team Rocket's Ampharos,0,true,false,false,false,false,false,false,140,2,4,6,-1,false,false,true,427,false,false,false,false,1,false,false,false,false,true,false,false,false,false,false,1,140,3,false
429,Team Rocket's Drowzee,0,true,false,false,false,false,false,false,80,2,5,7,6,true,false,false,-1,false,false,false,false,1,false,false,false,false,false,true,false,false,false,false,1,10,1,false
430,Team Rocket's Hypno,0,true,false,false,false,false,false,false,130,2,5,7,6,false,true,false,429,false,false,false,false,1,false,false,false,false,false,true,false,false,false,false,2,40,1,true
431,Team Rocket's Mewtwo ex,0,true,false,false,false,false,false,false,280,3,5,7,6,true,false,false,-1,true,false,false,false,2,false,false,false,false,false,true,false,false,false,false,1,160,3,true
432,Team Rocket's Wobbuffet,0,true,false,false,false,false,false,false,110,2,5,7,6,true,false,false,-1,false,false,false,false,1,false,false,false,false,false,true,false,false,false,false,2,70,2,false
433,Team Rocket's Chingling,0,true,false,false,false,false,false,false,30,0,5,7,6,true,false,false,-1,false,false,false,false,1,false,false,false,false,false,true,false,false,false,false,1,0,0,false
434,Team Rocket's Mimikyu,0,true,false,false,false,false,false,false,60,0,5,7,6,true,false,false,-1,false,false,false,false,1,false,false,false,false,false,true,false,false,false,false,1,0,2,false
435,Team Rocket's Dottler,0,true,false,false,false,false,false,false,80,2,5,7,6,false,true,false,399,false,false,false,false,1,false,false,false,false,false,true,false,false,false,false,2,30,1,false
436,Team Rocket's Orbeetle,0,true,false,false,false,false,false,false,130,2,5,7,6,false,false,true,435,false,false,false,false,1,false,false,false,false,false,true,false,false,false,false,1,40,3,true
437,Mankey,0,true,false,false,false,false,false,false,70,1,6,5,-1,true,false,false,-1,false,false,false,false,1,false,false,false,false,false,false,true,false,false,false,1,30,1,false
438,Primeape,0,true,false,false,false,false,false,false,110,2,6,5,-1,false,true,false,437,false,false,false,false,1,false,false,false,false,false,false,true,false,false,false,1,0,1,false
439,Annihilape,0,true,false,false,false,false,false,false,150,2,6,5,-1,false,false,true,438,false,false,false,false,1,false,false,false,false,false,false,true,false,false,false,1,160,2,false
440,Team Rocket's Larvitar,0,true,false,false,false,false,false,false,70,1,6,1,-1,true,false,false,-1,false,false,false,false,1,false,false,false,false,false,false,true,false,false,false,1,10,1,false
441,Team Rocket's Pupitar,0,true,false,false,false,false,false,false,100,2,6,1,-1,false,true,false,440,false,false,false,false,1,false,false,false,false,false,false,true,false,false,false,1,30,1,false
442,Team Rocket's Tyranitar,0,true,false,false,false,false,false,false,180,3,6,1,-1,false,false,true,441,false,false,false,false,1,false,false,false,false,false,false,true,false,false,false,1,180,4,false
443,Nosepass,0,true,false,false,false,false,false,false,80,3,6,1,-1,true,false,false,-1,false,false,false,false,1,false,false,false,false,false,false,true,false,false,false,2,40,1,false
444,Probopass,0,true,false,false,false,false,false,false,140,3,6,1,-1,false,true,false,1046,false,false,false,false,1,false,false,false,false,false,false,true,false,false,false,2,70,1,false
445,Meditite,0,true,false,false,false,false,false,false,70,1,6,5,-1,true,false,false,-1,false,false,false,false,1,false,false,false,false,false,false,true,false,false,false,1,10,1,false
446,Medicham,0,true,false,false,false,false,false,false,120,1,6,5,-1,false,true,false,883,false,false,false,false,1,false,false,false,false,false,false,true,false,false,false,1,50,1,false
447,Regirock ex,0,true,false,false,false,false,false,false,230,3,6,1,-1,true,false,false,-1,true,false,false,false,2,false,false,false,false,false,false,true,false,false,false,2,140,1,false
448,Team Rocket's Ekans,0,true,false,false,false,false,false,false,70,1,7,6,-1,true,false,false,-1,false,false,false,false,1,false,false,false,false,false,false,false,true,false,false,2,10,1,false
449,Team Rocket's Arbok,0,true,false,false,false,false,false,false,130,2,7,6,-1,false,true,false,448,false,false,false,false,1,false,false,false,false,false,false,false,true,false,false,1,0,3,false
450,Team Rocket's Nidoran♀,0,true,false,false,false,false,false,false,70,1,7,6,-1,true,false,false,-1,false,false,false,false,1,false,false,false,false,false,false,false,true,false,false,1,30,1,false
451,Team Rocket's Nidorina,0,true,false,false,false,false,false,false,90,2,7,6,-1,false,true,false,450,false,false,false,false,1,false,false,false,false,false,false,false,true,false,false,2,50,1,true
452,Team Rocket's Nidoqueen,0,true,false,false,false,false,false,false,170,3,7,6,-1,false,false,true,451,false,false,false,false,1,false,false,false,false,false,false,false,true,false,false,2,130,1,false
453,Team Rocket's Nidoran♂,0,true,false,false,false,false,false,false,70,1,7,6,-1,true,false,false,-1,false,false,false,false,1,false,false,false,false,false,false,false,true,false,false,2,30,1,false
454,Team Rocket's Nidorino,0,true,false,false,false,false,false,false,100,2,7,6,-1,false,true,false,453,false,false,false,false,1,false,false,false,false,false,false,false,true,false,false,2,60,2,false
455,Team Rocket's Nidoking ex,0,true,false,false,false,false,false,false,330,3,7,6,-1,false,false,true,454,true,false,false,false,2,false,false,false,false,false,false,false,true,false,false,2,240,3,false
456,Team Rocket's Zubat,0,true,false,false,false,false,false,false,50,1,7,4,6,true,false,false,-1,false,false,false,false,1,false,false,false,false,false,false,false,true,false,false,1,0,1,false
457,Team Rocket's Golbat,0,true,false,false,false,false,false,false,80,1,7,4,6,false,true,false,456,false,false,false,false,1,false,false,false,false,false,false,false,true,false,false,1,30,1,false
458,Team Rocket's Crobat ex,0,true,false,false,false,false,false,false,310,1,7,4,6,false,false,true,457,true,false,false,false,2,false,false,false,false,false,false,false,true,false,false,1,120,2,false
459,Team Rocket's Grimer,0,true,false,false,false,false,false,false,80,3,7,6,-1,true,false,false,-1,false,false,false,false,1,false,false,false,false,false,false,false,true,false,false,1,0,2,false
460,Team Rocket's Muk,0,true,false,false,false,false,false,false,150,4,7,6,-1,false,true,false,459,false,false,false,false,1,false,false,false,false,false,false,false,true,false,false,2,40,2,true
461,Team Rocket's Koffing,0,true,false,false,false,false,false,false,70,1,7,6,-1,true,false,false,-1,false,false,false,false,1,false,false,false,false,false,false,false,true,false,false,1,30,2,false
462,Team Rocket's Weezing,0,true,false,false,false,false,false,false,130,2,7,6,-1,false,true,false,461,false,false,false,false,1,false,false,false,false,false,false,false,true,false,false,1,0,2,true
463,Team Rocket's Murkrow,0,true,false,false,false,false,false,false,80,1,7,4,6,true,false,false,-1,false,false,false,false,1,false,false,false,false,false,false,false,true,false,false,2,30,1,false
464,Team Rocket's Sneasel,0,true,false,false,false,false,false,false,80,1,7,1,-1,true,false,false,-1,false,false,false,false,1,false,false,false,false,false,false,false,true,false,false,2,20,1,true
465,Forretress,0,true,false,false,false,false,false,false,130,2,8,2,1,false,true,false,393,false,false,false,false,1,false,false,false,false,false,false,false,false,true,false,2,20,1,true
466,Skarmory,0,true,false,false,false,false,false,false,110,1,8,4,6,true,false,false,-1,false,false,false,false,1,false,false,false,false,false,false,false,false,true,false,2,60,1,false
467,Zamazenta,0,true,false,false,false,false,false,false,130,2,8,2,1,true,false,false,-1,false,false,false,false,1,false,false,false,false,false,false,false,false,true,false,1,70,3,false
468,Team Rocket's Rattata,0,true,false,false,false,false,false,false,50,1,0,6,-1,true,false,false,-1,false,false,false,false,1,true,false,false,false,false,false,false,false,false,false,1,10,1,false
469,Team Rocket's Raticate,0,true,false,false,false,false,false,false,90,1,0,6,-1,false,true,false,468,false,false,false,false,1,true,false,false,false,false,false,false,false,false,false,1,90,1,false
470,Team Rocket's Meowth,0,true,false,false,false,false,false,false,70,1,0,6,-1,true,false,false,-1,false,false,false,false,1,true,false,false,false,false,false,false,false,false,false,2,0,1,true
471,Team Rocket's Persian ex,0,true,false,false,false,false,false,false,260,2,0,6,-1,false,true,false,470,true,false,false,false,2,true,false,false,false,false,false,false,false,false,false,2,140,2,false
472,Kangaskhan,0,true,false,false,false,false,false,false,120,2,0,6,-1,true,false,false,-1,false,false,false,false,1,true,false,false,false,false,false,false,false,false,false,2,50,2,true
473,Team Rocket's Porygon,0,true,false,false,false,false,false,false,60,1,0,6,-1,true,false,false,-1,false,false,false,false,1,true,false,false,false,false,false,false,false,false,false,1,0,1,false
474,Team Rocket's Porygon2,0,true,false,false,false,false,false,false,90,1,0,6,-1,false,true,false,473,false,false,false,false,1,true,false,false,false,false,false,false,false,false,false,1,0,3,true
475,Team Rocket's Porygon-Z,0,true,false,false,false,false,false,false,140,1,0,6,-1,false,false,true,474,false,false,false,false,1,true,false,false,false,false,false,false,false,false,false,1,0,2,true
476,Taillow,0,true,false,false,false,false,false,false,60,1,0,4,6,true,false,false,-1,false,false,false,false,1,true,false,false,false,false,false,false,false,false,false,1,20,1,false
477,Swellow,0,true,false,false,false,false,false,false,100,0,0,4,6,false,true,false,476,false,false,false,false,1,true,false,false,false,false,false,false,false,false,false,2,70,1,false
478,Squawkabilly,0,true,false,false,false,false,false,false,70,1,0,4,6,true,false,false,-1,false,false,false,false,1,true,false,false,false,false,false,false,false,false,false,1,20,1,false
479,Snivy,0,true,false,false,false,false,false,false,70,1,1,2,-1,true,false,false,-1,false,false,false,false,1,false,true,false,false,false,false,false,false,false,false,2,30,1,false
480,Servine,0,true,false,false,false,false,false,false,100,1,1,2,-1,false,true,false,1014,false,false,false,false,1,false,true,false,false,false,false,false,false,false,false,2,60,1,false
481,Serperior ex,0,true,false,false,false,false,false,false,320,2,1,2,-1,false,false,true,1015,true,false,false,false,2,false,true,false,false,false,false,false,false,false,false,1,150,4,false
482,Pansage,0,true,false,false,false,false,false,false,70,1,1,2,-1,true,false,false,-1,false,false,false,false,1,false,true,false,false,false,false,false,false,false,false,2,30,1,false
483,Simisage,0,true,false,false,false,false,false,false,100,1,1,2,-1,false,true,false,482,false,false,false,false,1,false,true,false,false,false,false,false,false,false,false,1,70,2,false
484,Petilil,0,true,false,false,false,false,false,false,60,1,1,2,-1,true,false,false,-1,false,false,false,false,1,false,true,false,false,false,false,false,false,false,false,2,10,1,false
485,Lilligant,0,true,false,false,false,false,false,false,100,1,1,2,-1,false,true,false,484,false,false,false,false,1,false,true,false,false,false,false,false,false,false,false,2,70,1,false
486,Maractus,0,true,false,false,false,false,false,false,100,1,1,2,-1,true,false,false,-1,false,false,false,false,1,false,true,false,false,false,false,false,false,false,false,2,50,1,false
487,Karrablast,0,true,false,false,false,false,false,false,60,1,1,2,-1,true,false,false,-1,false,false,false,false,1,false,true,false,false,false,false,false,false,false,false,1,10,1,false
488,Foongus,0,true,false,false,false,false,false,false,50,1,1,2,-1,true,false,false,-1,false,false,false,false,1,false,true,false,false,false,false,false,false,false,false,1,0,1,false
489,Amoonguss,0,true,false,false,false,false,false,false,120,2,1,2,-1,false,true,false,488,false,false,false,false,1,false,true,false,false,false,false,false,false,false,false,2,60,1,false
490,Victini,0,true,false,false,false,false,false,false,80,1,2,3,-1,true,false,false,-1,false,false,false,false,1,false,false,true,false,false,false,false,false,false,false,1,120,2,false
491,Darumaka,0,true,false,false,false,false,false,false,80,2,2,3,-1,true,false,false,-1,false,false,false,false,1,false,false,true,false,false,false,false,false,false,false,1,30,2,false
492,Darmanitan,0,true,false,false,false,false,false,false,140,2,2,3,-1,false,true,false,792,false,false,false,false,1,false,false,true,false,false,false,false,false,false,false,2,180,2,false
493,Litwick,0,true,false,false,false,false,false,false,60,1,2,3,-1,true,false,false,-1,false,false,false,false,1,false,false,true,false,false,false,false,false,false,false,1,0,1,false
494,Lampent,0,true,false,false,false,false,false,false,80,1,2,3,-1,false,true,false,493,false,false,false,false,1,false,false,true,false,false,false,false,false,false,false,1,50,1,false
495,Chandelure,0,true,false,false,false,false,false,false,150,2,2,3,-1,false,false,true,494,false,false,false,false,1,false,false,true,false,false,false,false,false,false,false,2,180,1,false
496,Larvesta,0,true,false,false,false,false,false,false,60,1,2,3,-1,true,false,false,-1,false,false,false,false,1,false,false,true,false,false,false,false,false,false,false,1,10,1,false
497,Volcarona,0,true,false,false,false,false,false,false,120,1,2,3,-1,false,true,false,933,false,false,false,false,1,false,false,true,false,false,false,false,false,false,false,1,70,3,false
498,Panpour,0,true,false,false,false,false,false,false,70,1,3,4,-1,true,false,false,-1,false,false,false,false,1,false,false,false,true,false,false,false,false,false,false,2,30,1,false
499,Simipour,0,true,false,false,false,false,false,false,100,1,3,4,-1,false,true,false,498,false,false,false,false,1,false,false,false,true,false,false,false,false,false,false,1,70,2,false
500,Tympole,0,true,false,false,false,false,false,false,60,1,3,4,-1,true,false,false,-1,false,false,false,false,1,false,false,false,true,false,false,false,false,false,false,1,0,2,true
501,Palpitoad,0,true,false,false,false,false,false,false,90,2,3,4,-1,false,true,false,500,false,false,false,false,1,false,false,false,true,false,false,false,false,false,false,2,60,2,true
502,Seismitoad,0,true,false,false,false,false,false,false,170,3,3,4,-1,false,false,true,501,false,false,false,false,1,false,false,false,true,false,false,false,false,false,false,2,160,3,true
503,Tirtouga,0,true,false,false,false,false,false,false,100,3,3,4,-1,false,true,false,1136,false,false,false,false,1,false,false,false,true,false,false,false,false,false,false,2,80,1,true
504,Carracosta,0,true,false,false,false,false,false,false,180,3,3,4,-1,false,false,true,503,false,false,false,false,1,false,false,false,true,false,false,false,false,false,false,1,150,3,false
505,Alomomola,0,true,false,false,false,false,false,false,110,1,3,4,-1,true,false,false,-1,false,false,false,false,1,false,false,false,true,false,false,false,false,false,false,1,70,3,false
506,Cubchoo,0,true,false,false,false,false,false,false,70,2,3,8,-1,true,false,false,-1,false,false,false,false,1,false,false,false,true,false,false,false,false,false,false,1,10,1,false
507,Beartic,0,true,false,false,false,false,false,false,150,3,3,8,-1,false,true,false,506,false,false,false,false,1,false,false,false,true,false,false,false,false,false,false,2,150,1,true
508,Cryogonal,0,true,false,false,false,false,false,false,90,1,3,8,-1,true,false,false,-1,false,false,false,false,1,false,false,false,true,false,false,false,false,false,false,2,30,1,false
509,Kyurem ex,0,true,false,false,false,false,false,false,230,2,3,8,-1,true,false,false,-1,true,false,false,false,2,false,false,false,true,false,false,false,false,false,false,2,130,2,true
510,Emolga,0,true,false,false,false,false,false,false,70,0,4,6,-1,true,false,false,-1,false,false,false,false,1,false,false,false,false,true,false,false,false,false,false,2,20,1,false
511,Tynamo,0,true,false,false,false,false,false,false,40,0,4,6,-1,true,false,false,-1,false,false,false,false,1,false,false,false,false,true,false,false,false,false,false,1,0,1,false
512,Eelektrik,0,true,false,false,false,false,false,false,90,2,4,6,-1,false,true,false,511,false,false,false,false,1,false,false,false,false,true,false,false,false,false,false,1,50,3,false
513,Eelektross,0,true,false,false,false,false,false,false,160,3,4,6,-1,false,false,true,512,false,false,false,false,1,false,false,false,false,true,false,false,false,false,false,2,60,1,true
514,Thundurus,0,true,false,false,false,false,false,false,120,1,4,6,-1,true,false,false,-1,false,false,false,false,1,false,false,false,false,true,false,false,false,false,false,2,110,1,false
515,Zekrom ex,0,true,false,false,false,false,false,false,230,2,4,6,-1,true,false,false,-1,true,false,false,false,2,false,false,false,false,true,false,false,false,false,false,2,130,2,true
516,Munna,0,true,false,false,false,false,false,false,70,1,5,7,6,true,false,false,-1,false,false,false,false,1,false,false,false,false,false,true,false,false,false,false,2,10,1,false
517,Musharna,0,true,false,false,false,false,false,false,120,2,5,7,6,false,true,false,516,false,false,false,false,1,false,false,false,false,false,true,false,false,false,false,2,50,1,false
518,Solosis,0,true,false,false,false,false,false,false,40,1,5,7,6,true,false,false,-1,false,false,false,false,1,false,false,false,false,false,true,false,false,false,false,1,10,1,false
519,Duosion,0,true,false,false,false,false,false,false,70,1,5,7,6,false,true,false,518,false,false,false,false,1,false,false,false,false,false,true,false,false,false,false,2,30,1,false
520,Reuniclus,0,true,false,false,false,false,false,false,140,1,5,7,6,false,false,true,519,false,false,false,false,1,false,false,false,false,false,true,false,false,false,false,2,40,1,true
521,Elgyem,0,true,false,false,false,false,false,false,60,1,5,7,6,true,false,false,-1,false,false,false,false,1,false,false,false,false,false,true,false,false,false,false,2,40,1,false
522,Beheeyem,0,true,false,false,false,false,false,false,90,1,5,7,6,false,true,false,521,false,false,false,false,1,false,false,false,false,false,true,false,false,false,false,2,80,1,true
523,Golett,0,true,false,false,false,false,false,false,90,3,5,7,6,true,false,false,-1,false,false,false,false,1,false,false,false,false,false,true,false,false,false,false,1,60,2,false
524,Golurk,0,true,false,false,false,false,false,false,160,4,5,7,6,false,true,false,523,false,false,false,false,1,false,false,false,false,false,true,false,false,false,false,2,200,3,true
525,Meloetta ex,0,true,false,false,false,false,false,false,200,1,5,7,6,true,false,false,-1,true,false,false,false,2,false,false,false,false,false,true,false,false,false,false,1,30,1,false
526,Drilbur,0,true,false,false,false,false,false,false,70,1,6,1,-1,true,false,false,-1,false,false,false,false,1,false,false,false,false,false,false,true,false,false,false,2,30,1,false
527,Excadrill ex,0,true,false,false,false,false,false,false,270,3,6,1,-1,false,true,false,526,true,false,false,false,2,false,false,false,false,false,false,true,false,false,false,2,200,2,false
528,Timburr,0,true,false,false,false,false,false,false,70,2,6,5,-1,true,false,false,-1,false,false,false,false,1,false,false,false,false,false,false,true,false,false,false,2,50,1,false
529,Gurdurr,0,true,false,false,false,false,false,false,100,3,6,5,-1,false,true,false,528,false,false,false,false,1,false,false,false,false,false,false,true,false,false,false,2,60,1,false
530,Conkeldurr,0,true,false,false,false,false,false,false,140,3,6,5,-1,false,false,true,529,false,false,false,false,1,false,false,false,false,false,false,true,false,false,false,1,100,4,true
531,Throh,0,true,false,false,false,false,false,false,130,2,6,5,-1,true,false,false,-1,false,false,false,false,1,false,false,false,false,false,false,true,false,false,false,1,120,2,true
532,Dwebble,0,true,false,false,false,false,false,false,70,2,6,1,-1,true,false,false,-1,false,false,false,false,1,false,false,false,false,false,false,true,false,false,false,2,20,1,true
533,Crustle,0,true,false,false,false,false,false,false,150,3,6,1,-1,false,true,false,532,false,false,false,false,1,false,false,false,false,false,false,true,false,false,false,1,80,3,false
534,Landorus,0,true,false,false,false,false,false,false,130,2,6,1,-1,true,false,false,-1,false,false,false,false,1,false,false,false,false,false,false,true,false,false,false,2,110,1,false
535,Venipede,0,true,false,false,false,false,false,false,80,3,7,6,-1,true,false,false,-1,false,false,false,false,1,false,false,false,false,false,false,false,true,false,false,1,0,1,false
536,Whirlipede,0,true,false,false,false,false,false,false,100,3,7,6,-1,false,true,false,980,false,false,false,false,1,false,false,false,false,false,false,false,true,false,false,1,30,1,false
537,Scolipede,0,true,false,false,false,false,false,false,160,3,7,6,-1,false,false,true,981,false,false,false,false,1,false,false,false,false,false,false,false,true,false,false,1,90,2,false
538,Sandile,0,true,false,false,false,false,false,false,70,2,7,1,-1,true,false,false,-1,false,false,false,false,1,false,false,false,false,false,false,false,true,false,false,1,10,1,false
539,Krokorok,0,true,false,false,false,false,false,false,100,2,7,1,-1,false,true,false,830,false,false,false,false,1,false,false,false,false,false,false,false,true,false,false,1,40,2,false
540,Krookodile,0,true,false,false,false,false,false,false,170,3,7,1,-1,false,false,true,831,false,false,false,false,1,false,false,false,false,false,false,false,true,false,false,2,120,2,false
541,Vullaby,0,true,false,false,false,false,false,false,70,1,7,4,6,true,false,false,-1,false,false,false,false,1,false,false,false,false,false,false,false,true,false,false,1,10,1,false
542,Mandibuzz,0,true,false,false,false,false,false,false,110,1,7,4,6,false,true,false,983,false,false,false,false,1,false,false,false,false,false,false,false,true,false,false,1,90,3,false
543,Escavalier,0,true,false,false,false,false,false,false,130,3,8,2,1,false,true,false,487,false,false,false,false,1,false,false,false,false,false,false,false,false,true,false,1,90,1,false
544,Pawniard,0,true,false,false,false,false,false,false,60,1,8,2,1,true,false,false,-1,false,false,false,false,1,false,false,false,false,false,false,false,false,true,false,1,10,1,false
545,Bisharp,0,true,false,false,false,false,false,false,120,2,8,2,1,false,true,false,899,false,false,false,false,1,false,false,false,false,false,false,false,false,true,false,2,60,1,false
546,Cobalion,0,true,false,false,false,false,false,false,120,2,8,2,1,true,false,false,-1,false,false,false,false,1,false,false,false,false,false,false,false,false,true,false,2,80,1,false
547,Genesect ex,0,true,false,false,false,false,false,false,220,2,8,2,1,true,false,false,-1,true,false,false,false,2,false,false,false,false,false,false,false,false,true,false,1,150,3,false
548,Axew,0,true,false,false,false,false,false,false,70,2,9,-1,-1,true,false,false,-1,false,false,false,false,1,false,false,false,false,false,false,false,false,false,true,1,0,1,false
549,Fraxure,0,true,false,false,false,false,false,false,100,2,9,-1,-1,false,true,false,548,false,false,false,false,1,false,false,false,false,false,false,false,false,false,true,2,90,1,false
550,Haxorus,0,true,false,false,false,false,false,false,170,3,9,-1,-1,false,false,true,994,false,false,false,false,1,false,false,false,false,false,false,false,false,false,true,2,80,2,false
551,Pidove,0,true,false,false,false,false,false,false,60,1,0,4,6,true,false,false,-1,false,false,false,false,1,true,false,false,false,false,false,false,false,false,false,2,10,1,false
552,Tranquill,0,true,false,false,false,false,false,false,80,0,0,4,6,false,true,false,551,false,false,false,false,1,true,false,false,false,false,false,false,false,false,false,1,40,1,false
553,Unfezant,0,true,false,false,false,false,false,false,150,0,0,4,6,false,false,true,552,false,false,false,false,1,true,false,false,false,false,false,false,false,false,false,2,120,1,false
554,Audino,0,true,false,false,false,false,false,false,100,1,0,6,-1,true,false,false,-1,false,false,false,false,1,true,false,false,false,false,false,false,false,false,false,1,30,1,false
555,Minccino,0,true,false,false,false,false,false,false,60,1,0,6,-1,true,false,false,-1,false,false,false,false,1,true,false,false,false,false,false,false,false,false,false,1,0,1,true
556,Cinccino,0,true,false,false,false,false,false,false,100,1,0,6,-1,false,true,false,555,false,false,false,false,1,true,false,false,false,false,false,false,false,false,false,1,20,1,true
557,Sewaddle,0,true,false,false,false,false,false,false,50,1,1,2,-1,true,false,false,-1,false,false,false,false,1,false,true,false,false,false,false,false,false,false,false,1,20,1,false
558,Swadloon,0,true,false,false,false,false,false,false,80,2,1,2,-1,false,true,false,557,false,false,false,false,1,false,true,false,false,false,false,false,false,false,false,1,40,2,false
559,Leavanny,0,true,false,false,false,false,false,false,130,1,1,2,-1,false,false,true,558,false,false,false,false,1,false,true,false,false,false,false,false,false,false,false,2,90,1,false
560,Cottonee,0,true,false,false,false,false,false,false,60,1,1,2,-1,true,false,false,-1,false,false,false,false,1,false,true,false,false,false,false,false,false,false,false,1,10,1,false
561,Whimsicott ex,0,true,false,false,false,false,false,false,230,0,1,2,-1,false,true,false,814,true,false,false,false,2,false,true,false,false,false,false,false,false,false,false,2,0,1,true
562,Deerling,0,true,false,false,false,false,false,false,70,1,1,2,-1,true,false,false,-1,false,false,false,false,1,false,true,false,false,false,false,false,false,false,false,1,30,2,false
563,Sawsbuck,0,true,false,false,false,false,false,false,130,2,1,2,-1,false,true,false,562,false,false,false,false,1,false,true,false,false,false,false,false,false,false,false,2,100,2,false
564,Shelmet,0,true,false,false,false,false,false,false,60,3,1,2,-1,true,false,false,-1,false,false,false,false,1,false,true,false,false,false,false,false,false,false,false,1,10,1,false
565,Accelgor,0,true,false,false,false,false,false,false,100,1,1,2,-1,false,true,false,564,false,false,false,false,1,false,true,false,false,false,false,false,false,false,false,1,50,1,false
566,Virizion,0,true,false,false,false,false,false,false,120,1,1,2,-1,true,false,false,-1,false,false,false,false,1,false,true,false,false,false,false,false,false,false,false,2,130,1,false
567,Tepig,0,true,false,false,false,false,false,false,70,1,2,3,-1,true,false,false,-1,false,false,false,false,1,false,false,true,false,false,false,false,false,false,false,2,30,1,false
568,Pignite,0,true,false,false,false,false,false,false,110,3,2,3,-1,false,true,false,930,false,false,false,false,1,false,false,true,false,false,false,false,false,false,false,2,80,1,false
569,Emboar,0,true,false,false,false,false,false,false,180,4,2,3,-1,false,false,true,931,false,false,false,false,1,false,false,true,false,false,false,false,false,false,false,1,120,4,false
570,Pansear,0,true,false,false,false,false,false,false,70,1,2,3,-1,true,false,false,-1,false,false,false,false,1,false,false,true,false,false,false,false,false,false,false,2,30,1,false
571,Simisear,0,true,false,false,false,false,false,false,100,1,2,3,-1,false,true,false,570,false,false,false,false,1,false,false,true,false,false,false,false,false,false,false,1,70,2,false
572,Heatmor,0,true,false,false,false,false,false,false,120,2,2,3,-1,true,false,false,-1,false,false,false,false,1,false,false,true,false,false,false,false,false,false,false,2,60,1,false
573,Reshiram ex,0,true,false,false,false,false,false,false,230,2,2,3,-1,true,false,false,-1,true,false,false,false,2,false,false,true,false,false,false,false,false,false,false,2,130,2,true
574,Oshawott,0,true,false,false,false,false,false,false,70,1,3,4,-1,true,false,false,-1,false,false,false,false,1,false,false,false,true,false,false,false,false,false,false,2,30,1,false
575,Dewott,0,true,false,false,false,false,false,false,100,1,3,4,-1,false,true,false,574,false,false,false,false,1,false,false,false,true,false,false,false,false,false,false,1,0,1,true
576,Samurott,0,true,false,false,false,false,false,false,160,2,3,4,-1,false,false,true,575,false,false,false,false,1,false,false,false,true,false,false,false,false,false,false,1,30,1,true
577,Basculin,0,true,false,false,false,false,false,false,90,1,3,4,-1,true,false,false,-1,false,false,false,false,1,false,false,false,true,false,false,false,false,false,false,2,50,1,false
578,Ducklett,0,true,false,false,false,false,false,false,70,1,3,4,6,true,false,false,-1,false,false,false,false,1,false,false,false,true,false,false,false,false,false,false,2,20,1,false
579,Swanna,0,true,false,false,false,false,false,false,120,1,3,4,6,false,true,false,578,false,false,false,false,1,false,false,false,true,false,false,false,false,false,false,2,120,1,false
580,Vanillite,0,true,false,false,false,false,false,false,60,1,3,8,-1,true,false,false,-1,false,false,false,false,1,false,false,false,true,false,false,false,false,false,false,2,20,1,false
581,Vanillish,0,true,false,false,false,false,false,false,90,2,3,8,-1,false,true,false,580,false,false,false,false,1,false,false,false,true,false,false,false,false,false,false,2,50,2,false
582,Vanilluxe,0,true,false,false,false,false,false,false,150,2,3,8,-1,false,false,true,581,false,false,false,false,1,false,false,false,true,false,false,false,false,false,false,2,60,2,true
583,Keldeo ex,0,true,false,false,false,false,false,false,210,2,3,4,-1,true,false,false,-1,true,false,false,false,2,false,false,false,true,false,false,false,false,false,false,2,120,2,false
584,Blitzle,0,true,false,false,false,false,false,false,60,1,4,6,-1,true,false,false,-1,false,false,false,false,1,false,false,false,false,true,false,false,false,false,false,2,30,1,false
585,Zebstrika,0,true,false,false,false,false,false,false,120,1,4,6,-1,false,true,false,584,false,false,false,false,1,false,false,false,false,true,false,false,false,false,false,2,100,1,false
586,Joltik,0,true,false,false,false,false,false,false,40,1,4,6,-1,true,false,false,-1,false,false,false,false,1,false,false,false,false,true,false,false,false,false,false,1,30,1,false
587,Galvantula,0,true,false,false,false,false,false,false,90,1,4,6,-1,false,true,false,586,false,false,false,false,1,false,false,false,false,true,false,false,false,false,false,1,0,1,true
588,Stunfisk,0,true,false,false,false,false,false,false,110,2,4,6,-1,true,false,false,-1,false,false,false,false,1,false,false,false,false,true,false,false,false,false,false,2,50,1,false
589,Woobat,0,true,false,false,false,false,false,false,60,1,5,4,6,true,false,false,-1,false,false,false,false,1,false,false,false,false,false,true,false,false,false,false,1,10,1,false
590,Swoobat,0,true,false,false,false,false,false,false,90,1,5,4,6,false,true,false,589,false,false,false,false,1,false,false,false,false,false,true,false,false,false,false,2,50,1,false
591,Sigilyph,0,true,false,false,false,false,false,false,120,1,5,4,6,true,false,false,-1,false,false,false,false,1,false,false,false,false,false,true,false,false,false,false,2,0,1,false
592,Yamask,0,true,false,false,false,false,false,false,70,2,5,7,6,true,false,false,-1,false,false,false,false,1,false,false,false,false,false,true,false,false,false,false,1,20,2,false
593,Cofagrigus,0,true,false,false,false,false,false,false,120,2,5,7,6,false,true,false,592,false,false,false,false,1,false,false,false,false,false,true,false,false,false,false,2,60,2,false
594,Gothita,0,true,false,false,false,false,false,false,70,1,5,7,6,true,false,false,-1,false,false,false,false,1,false,false,false,false,false,true,false,false,false,false,1,20,1,false
595,Gothorita,0,true,false,false,false,false,false,false,90,1,5,7,6,false,true,false,594,false,false,false,false,1,false,false,false,false,false,true,false,false,false,false,2,40,1,false
596,Gothitelle,0,true,false,false,false,false,false,false,150,2,5,7,6,false,false,true,595,false,false,false,false,1,false,false,false,false,false,true,false,false,false,false,1,90,2,false
597,Frillish,0,true,false,false,false,false,false,false,80,3,5,7,6,true,false,false,-1,false,false,false,false,1,false,false,false,false,false,true,false,false,false,false,1,20,1,false
598,Jellicent ex,0,true,false,false,false,false,false,false,270,3,5,7,6,false,true,false,597,true,false,false,false,2,false,false,false,false,false,true,false,false,false,false,1,80,2,false
599,Roggenrola,0,true,false,false,false,false,false,false,80,2,6,1,-1,true,false,false,-1,false,false,false,false,1,false,false,false,false,false,false,true,false,false,false,2,30,1,false
600,Boldore,0,true,false,false,false,false,false,false,110,3,6,1,-1,false,true,false,599,false,false,false,false,1,false,false,false,false,false,false,true,false,false,false,2,90,1,false
601,Gigalith,0,true,false,false,false,false,false,false,170,3,6,1,-1,false,false,true,600,false,false,false,false,1,false,false,false,false,false,false,true,false,false,false,2,160,1,true
602,Sawk,0,true,false,false,false,false,false,false,110,1,6,5,-1,true,false,false,-1,false,false,false,false,1,false,false,false,false,false,false,true,false,false,false,2,90,1,false
603,Archen,0,true,false,false,false,false,false,false,80,1,6,1,-1,false,true,false,1138,false,false,false,false,1,false,false,false,false,false,false,true,false,false,false,1,30,2,true
604,Archeops,0,true,false,false,false,false,false,false,140,1,6,1,-1,false,false,true,603,false,false,false,false,1,false,false,false,false,false,false,true,false,false,false,1,100,2,false
605,Mienfoo,0,true,false,false,false,false,false,false,60,1,6,5,-1,true,false,false,-1,false,false,false,false,1,false,false,false,false,false,false,true,false,false,false,1,20,1,false
606,Mienshao,0,true,false,false,false,false,false,false,100,1,6,5,-1,false,true,false,605,false,false,false,false,1,false,false,false,false,false,false,true,false,false,false,2,80,1,false
607,Terrakion,0,true,false,false,false,false,false,false,140,3,6,1,-1,true,false,false,-1,false,false,false,false,1,false,false,false,false,false,false,true,false,false,false,2,100,2,false
608,Purrloin,0,true,false,false,false,false,false,false,60,1,7,1,-1,true,false,false,-1,false,false,false,false,1,false,false,false,false,false,false,false,true,false,false,1,0,1,false
609,Liepard,0,true,false,false,false,false,false,false,110,1,7,1,-1,false,true,false,608,false,false,false,false,1,false,false,false,false,false,false,false,true,false,false,1,50,1,false
610,Scraggy,0,true,false,false,false,false,false,false,70,1,7,1,-1,true,false,false,-1,false,false,false,false,1,false,false,false,false,false,false,false,true,false,false,2,30,1,false
611,Scrafty,0,true,false,false,false,false,false,false,120,2,7,1,-1,false,true,false,895,false,false,false,false,1,false,false,false,false,false,false,false,true,false,false,1,0,2,true
612,Trubbish,0,true,false,false,false,false,false,false,70,2,7,6,-1,true,false,false,-1,false,false,false,false,1,false,false,false,false,false,false,false,true,false,false,2,20,1,false
613,Garbodor,0,true,false,false,false,false,false,false,140,3,7,6,-1,false,true,false,612,false,false,false,false,1,false,false,false,false,false,false,false,true,false,false,2,120,1,false
614,Zorua,0,true,false,false,false,false,false,false,70,1,7,1,-1,true,false,false,-1,false,false,false,false,1,false,false,false,false,false,false,false,true,false,false,1,30,1,false
615,Zoroark,0,true,false,false,false,false,false,false,120,1,7,1,-1,false,true,false,614,false,false,false,false,1,false,false,false,false,false,false,false,true,false,false,2,0,1,true
616,Deino,0,true,false,false,false,false,false,false,80,2,7,1,-1,true,false,false,-1,false,false,false,false,1,false,false,false,false,false,false,false,true,false,false,2,50,2,false
617,Zweilous,0,true,false,false,false,false,false,false,110,3,7,1,-1,false,true,false,616,false,false,false,false,1,false,false,false,false,false,false,false,true,false,false,2,100,2,true
618,Hydreigon ex,0,true,false,false,false,false,false,false,330,3,7,1,-1,false,false,true,617,true,false,false,false,2,false,false,false,false,false,false,false,true,false,false,1,200,5,false
619,Ferroseed,0,true,false,false,false,false,false,false,70,2,8,2,1,true,false,false,-1,false,false,false,false,1,false,false,false,false,false,false,false,false,true,false,2,40,1,false
620,Ferrothorn,0,true,false,false,false,false,false,false,140,3,8,2,1,false,true,false,619,false,false,false,false,1,false,false,false,false,false,false,false,false,true,false,2,130,1,true
621,Klink,0,true,false,false,false,false,false,false,60,1,8,2,1,true,false,false,-1,false,false,false,false,1,false,false,false,false,false,false,false,false,true,false,1,10,1,false
622,Klang,0,true,false,false,false,false,false,false,90,2,8,2,1,false,true,false,621,false,false,false,false,1,false,false,false,false,false,false,false,false,true,false,1,50,2,false
623,Klinklang,0,true,false,false,false,false,false,false,150,3,8,2,1,false,false,true,622,false,false,false,false,1,false,false,false,false,false,false,false,false,true,false,1,120,3,false
624,Durant,0,true,false,false,false,false,false,false,110,1,8,2,1,true,false,false,-1,false,false,false,false,1,false,false,false,false,false,false,false,false,true,false,2,50,1,false
625,Druddigon,0,true,false,false,false,false,false,false,120,2,9,-1,-1,true,false,false,-1,false,false,false,false,1,false,false,false,false,false,false,false,false,false,true,2,90,1,false
626,Patrat,0,true,false,false,false,false,false,false,60,1,0,6,-1,true,false,false,-1,false,false,false,false,1,true,false,false,false,false,false,false,false,false,false,2,10,1,false
627,Watchog,0,true,false,false,false,false,false,false,90,1,0,6,-1,false,true,false,626,false,false,false,false,1,true,false,false,false,false,false,false,false,false,false,2,80,1,false
628,Lillipup,0,true,false,false,false,false,false,false,60,1,0,6,-1,true,false,false,-1,false,false,false,false,1,true,false,false,false,false,false,false,false,false,false,1,10,1,false
629,Herdier,0,true,false,false,false,false,false,false,90,1,0,6,-1,false,true,false,628,false,false,false,false,1,true,false,false,false,false,false,false,false,false,false,2,70,1,false
630,Stoutland,0,true,false,false,false,false,false,false,160,3,0,6,-1,false,false,true,629,false,false,false,false,1,true,false,false,false,false,false,false,false,false,false,2,100,2,false
631,Bouffalant ex,0,true,false,false,false,false,false,false,220,2,0,6,-1,true,false,false,-1,true,false,false,false,2,true,false,false,false,false,false,false,false,false,false,1,100,3,false
632,Rufflet,0,true,false,false,false,false,false,false,70,1,0,4,6,true,false,false,-1,false,false,false,false,1,true,false,false,false,false,false,false,false,false,false,2,20,1,false
633,Braviary,0,true,false,false,false,false,false,false,140,1,0,4,6,false,true,false,632,false,false,false,false,1,true,false,false,false,false,false,false,false,false,false,2,130,1,false
634,Tornadus,0,true,false,false,false,false,false,false,120,1,0,4,6,true,false,false,-1,false,false,false,false,1,true,false,false,false,false,false,false,false,false,false,2,100,1,false
635,Steven's Baltoy,0,true,false,false,false,false,false,false,60,1,5,7,6,true,false,false,-1,false,false,false,false,1,false,false,false,false,false,true,false,false,false,false,2,20,1,false
636,Steven's Claydol,0,true,false,false,false,false,false,false,120,2,5,7,6,false,true,false,635,false,false,false,false,1,false,false,false,false,false,true,false,false,false,false,2,220,1,false
637,Steven's Carbink,0,true,false,false,false,false,false,false,80,2,5,8,-1,true,false,false,-1,false,false,false,false,1,false,false,false,false,false,true,false,false,false,false,1,80,3,false
638,Steven's Skarmory,0,true,false,false,false,false,false,false,120,1,8,4,6,true,false,false,-1,false,false,false,false,1,false,false,false,false,false,false,false,false,true,false,2,30,2,false
639,Steven's Beldum,0,true,false,false,false,false,false,false,70,1,8,2,1,true,false,false,-1,false,false,false,false,1,false,false,false,false,false,false,false,false,true,false,1,30,2,false
640,Steven's Metang,0,true,false,false,false,false,false,false,100,2,8,2,1,false,true,false,639,false,false,false,false,1,false,false,false,false,false,false,false,false,true,false,1,70,2,false
641,Steven's Metagross ex,0,true,false,false,false,false,false,false,340,3,8,2,1,false,false,true,640,true,false,false,false,2,false,false,false,false,false,false,false,false,true,false,1,200,3,false
642,Marnie's Purrloin,0,true,false,false,false,false,false,false,60,1,7,1,-1,true,false,false,-1,false,false,false,false,1,false,false,false,false,false,false,false,true,false,false,1,20,1,false
643,Marnie's Liepard,0,true,false,false,false,false,false,false,100,1,7,1,-1,false,true,false,642,false,false,false,false,1,false,false,false,false,false,false,false,true,false,false,1,70,2,false
644,Marnie's Scraggy,0,true,false,false,false,false,false,false,70,1,7,1,-1,true,false,false,-1,false,false,false,false,1,false,false,false,false,false,false,false,true,false,false,1,50,3,false
645,Marnie's Scrafty,0,true,false,false,false,false,false,false,120,2,7,1,-1,false,true,false,644,false,false,false,false,1,false,false,false,false,false,false,false,true,false,false,2,160,1,false
646,Marnie's Impidimp,0,true,false,false,false,false,false,false,70,1,7,1,-1,true,false,false,-1,false,false,false,false,1,false,false,false,false,false,false,false,true,false,false,2,10,1,false
647,Marnie's Morgrem,0,true,false,false,false,false,false,false,100,1,7,1,-1,false,true,false,646,false,false,false,false,1,false,false,false,false,false,false,false,true,false,false,1,60,2,false
648,Marnie's Grimmsnarl ex,0,true,false,false,false,false,false,false,320,2,7,1,-1,false,false,true,647,true,false,false,false,2,false,false,false,false,false,false,false,true,false,false,1,180,2,false
649,Marnie's Morpeko,0,true,false,false,false,false,false,false,70,0,7,1,-1,true,false,false,-1,false,false,false,false,1,false,false,false,false,false,false,false,true,false,false,1,20,3,true
650,Bulbasaur,0,true,false,false,false,false,false,false,80,2,1,2,-1,true,false,false,-1,false,false,false,false,1,false,true,false,false,false,false,false,false,false,false,1,10,1,false
651,Ivysaur,0,true,false,false,false,false,false,false,110,3,1,2,-1,false,true,false,650,false,false,false,false,1,false,true,false,false,false,false,false,false,false,false,1,60,2,false
652,Mega Venusaur ex,0,true,false,false,false,false,false,false,380,4,1,2,-1,false,false,true,651,false,true,false,false,3,false,true,false,false,false,false,false,false,false,false,1,240,4,false
653,Exeggcute,0,true,false,false,false,false,false,false,60,1,1,2,-1,true,false,false,-1,false,false,false,false,1,false,true,false,false,false,false,false,false,false,false,1,0,1,false
654,Exeggutor,0,true,false,false,false,false,false,false,140,2,1,2,-1,false,true,false,653,false,false,false,false,1,false,true,false,false,false,false,false,false,false,false,2,60,1,true
655,Celebi,0,true,false,false,false,false,false,false,80,1,1,2,-1,true,false,false,-1,false,false,false,false,1,false,true,false,false,false,false,false,false,false,false,2,30,1,false
656,Seedot,0,true,false,false,false,false,false,false,60,1,1,2,-1,true,false,false,-1,false,false,false,false,1,false,true,false,false,false,false,false,false,false,false,2,20,1,false
657,Nuzleaf,0,true,false,false,false,false,false,false,100,2,1,2,-1,false,true,false,656,false,false,false,false,1,false,true,false,false,false,false,false,false,false,false,2,50,1,false
658,Shiftry,0,true,false,false,false,false,false,false,160,2,1,2,-1,false,false,true,657,false,false,false,false,1,false,true,false,false,false,false,false,false,false,false,2,100,1,false
659,Vulpix,0,true,false,false,false,false,false,false,70,1,2,3,-1,true,false,false,-1,false,false,false,false,1,false,false,true,false,false,false,false,false,false,false,2,20,1,false
660,Ninetales,0,true,false,false,false,false,false,false,120,1,2,3,-1,false,true,false,659,false,false,false,false,1,false,false,true,false,false,false,false,false,false,false,2,60,1,false
661,Numel,0,true,false,false,false,false,false,false,80,2,2,3,-1,true,false,false,-1,false,false,false,false,1,false,false,true,false,false,false,false,false,false,false,2,30,1,false
662,Mega Camerupt ex,0,true,false,false,false,false,false,false,340,4,2,3,-1,false,true,false,856,false,true,false,false,3,false,false,true,false,false,false,false,false,false,false,2,280,1,false
663,Volcanion,0,true,false,false,false,false,false,false,130,2,2,3,-1,true,false,false,-1,false,false,false,false,1,false,false,true,false,false,false,false,false,false,false,2,130,1,false
664,Scorbunny,0,true,false,false,false,false,false,false,70,1,2,3,-1,true,false,false,-1,false,false,false,false,1,false,false,true,false,false,false,false,false,false,false,1,30,1,false
665,Raboot,0,true,false,false,false,false,false,false,100,1,2,3,-1,false,true,false,664,false,false,false,false,1,false,false,true,false,false,false,false,false,false,false,1,0,1,false
666,Cinderace,0,true,false,false,false,false,false,false,160,0,2,3,-1,false,false,true,665,false,false,false,false,1,false,false,true,false,false,false,false,false,false,false,1,50,1,false
667,Corphish,0,true,false,false,false,false,false,false,80,2,3,4,-1,true,false,false,-1,false,false,false,false,1,false,false,false,true,false,false,false,false,false,false,2,30,1,false
668,Gimmighoul,0,true,false,false,false,false,false,false,70,2,5,7,6,true,false,false,-1,false,false,false,false,1,false,false,false,false,false,true,false,false,false,false,1,10,1,false
669,Sandshrew,0,true,false,false,false,false,false,false,70,1,6,1,-1,true,false,false,-1,false,false,false,false,1,false,false,false,false,false,false,true,false,false,false,2,20,1,false
670,Sandslash,0,true,false,false,false,false,false,false,120,1,6,1,-1,false,true,false,669,false,false,false,false,1,false,false,false,false,false,false,true,false,false,false,2,100,2,false
671,Onix,0,true,false,false,false,false,false,false,120,4,6,1,-1,true,false,false,-1,false,false,false,false,1,false,false,false,false,false,false,true,false,false,false,2,100,2,false
672,Tyrogue,0,true,false,false,false,false,false,false,30,0,6,5,-1,true,false,false,-1,false,false,false,false,1,false,false,false,false,false,false,true,false,false,false,1,10,0,true
673,Makuhita,0,true,false,false,false,false,false,false,80,2,6,5,-1,true,false,false,-1,false,false,false,false,1,false,false,false,false,false,false,true,false,false,false,2,30,1,false
674,Hariyama,0,true,false,false,false,false,false,false,150,3,6,5,-1,false,true,false,673,false,false,false,false,1,false,false,false,false,false,false,true,false,false,false,1,210,3,false
675,Lunatone,0,true,false,false,false,false,false,false,110,1,6,1,-1,true,false,false,-1,false,false,false,false,1,false,false,false,false,false,false,true,false,false,false,1,50,2,false
676,Solrock,0,true,false,false,false,false,false,false,110,1,6,1,-1,true,false,false,-1,false,false,false,false,1,false,false,false,false,false,false,true,false,false,false,1,70,1,false
677,Riolu,0,true,false,false,false,false,false,false,80,2,6,5,-1,true,false,false,-1,false,false,false,false,1,false,false,false,false,false,false,true,false,false,false,1,30,1,false
678,Mega Lucario ex,0,true,false,false,false,false,false,false,340,2,6,5,-1,false,true,false,974,false,true,false,false,3,false,false,false,false,false,false,true,false,false,false,2,270,1,false
679,Croagunk,0,true,false,false,false,false,false,false,70,1,6,5,-1,true,false,false,-1,false,false,false,false,1,false,false,false,false,false,false,true,false,false,false,1,20,1,false
680,Toxicroak,0,true,false,false,false,false,false,false,130,1,6,5,-1,false,true,false,679,false,false,false,false,1,false,false,false,false,false,false,true,false,false,false,1,70,1,false
681,Marshadow,0,true,false,false,false,false,false,false,90,1,6,5,-1,true,false,false,-1,false,false,false,false,1,false,false,false,false,false,false,true,false,false,false,1,60,2,false
682,Stonjourner,0,true,false,false,false,false,false,false,130,2,6,1,-1,true,false,false,-1,false,false,false,false,1,false,false,false,false,false,false,true,false,false,false,2,140,1,false
683,Nacli,0,true,false,false,false,false,false,false,70,2,6,1,-1,true,false,false,-1,false,false,false,false,1,false,false,false,false,false,false,true,false,false,false,1,10,1,false
684,Naclstack,0,true,false,false,false,false,false,false,110,3,6,1,-1,false,true,false,683,false,false,false,false,1,false,false,false,false,false,false,true,false,false,false,1,50,2,false
685,Garganacl,0,true,false,false,false,false,false,false,180,4,6,1,-1,false,false,true,684,false,false,false,false,1,false,false,false,false,false,false,true,false,false,false,1,130,3,false
686,Crawdaunt,0,true,false,false,false,false,false,false,130,3,7,1,-1,false,true,false,667,false,false,false,false,1,false,false,false,false,false,false,false,true,false,false,2,130,1,false
687,Mega Absol ex,0,true,false,false,false,false,false,false,280,2,7,1,-1,true,false,false,-1,false,true,false,false,3,false,false,false,false,false,false,false,true,false,false,2,200,2,false
688,Spiritomb,0,true,false,false,false,false,false,false,80,1,7,1,-1,true,false,false,-1,false,false,false,false,1,false,false,false,false,false,false,false,true,false,false,1,10,1,false
689,Yveltal,0,true,false,false,false,false,false,false,110,0,7,4,6,true,false,false,-1,false,false,false,false,1,false,false,false,false,false,false,false,true,false,false,2,110,1,false
690,Nickit,0,true,false,false,false,false,false,false,70,1,7,1,-1,true,false,false,-1,false,false,false,false,1,false,false,false,false,false,false,false,true,false,false,1,20,1,false
691,Thievul,0,true,false,false,false,false,false,false,120,1,7,1,-1,false,true,false,690,false,false,false,false,1,false,false,false,false,false,false,false,true,false,false,2,60,1,false
692,Shroodle,0,true,false,false,false,false,false,false,60,1,7,6,-1,true,false,false,-1,false,false,false,false,1,false,false,false,false,false,false,false,true,false,false,1,20,2,false
693,Grafaiai,0,true,false,false,false,false,false,false,100,1,7,6,-1,false,true,false,692,false,false,false,false,1,false,false,false,false,false,false,false,true,false,false,1,90,2,false
694,Steelix,0,true,false,false,false,false,false,false,200,4,8,2,1,false,true,false,671,false,false,false,false,1,false,false,false,false,false,false,false,false,true,false,2,140,2,false
695,Mega Mawile ex,0,true,false,false,false,false,false,false,270,2,8,2,1,true,false,false,-1,false,true,false,false,3,false,false,false,false,false,false,false,false,true,false,2,260,2,true
696,Dialga,0,true,false,false,false,false,false,false,140,2,8,2,1,true,false,false,-1,false,false,false,false,1,false,false,false,false,false,false,false,false,true,false,2,80,1,false
697,Tinkatink,0,true,false,false,false,false,false,false,70,1,8,2,1,true,false,false,-1,false,false,false,false,1,false,false,false,false,false,false,false,false,true,false,1,20,1,false
698,Tinkatuff,0,true,false,false,false,false,false,false,90,2,8,2,1,false,true,false,697,false,false,false,false,1,false,false,false,false,false,false,false,false,true,false,1,30,1,false
699,Tinkaton,0,true,false,false,false,false,false,false,160,2,8,2,1,false,false,true,698,false,false,false,false,1,false,false,false,false,false,false,false,false,true,false,1,240,1,true
700,Gholdengo,0,true,false,false,false,false,false,false,130,2,8,2,1,false,true,false,668,false,false,false,false,1,false,false,false,false,false,false,false,false,true,false,2,100,1,false
701,Spearow,0,true,false,false,false,false,false,false,60,1,0,4,6,true,false,false,-1,false,false,false,false,1,true,false,false,false,false,false,false,false,false,false,1,10,1,false
702,Fearow,0,true,false,false,false,false,false,false,100,1,0,4,6,false,true,false,701,false,false,false,false,1,true,false,false,false,false,false,false,false,false,false,1,0,1,true
703,Miltank,0,true,false,false,false,false,false,false,120,2,0,6,-1,true,false,false,-1,false,false,false,false,1,true,false,false,false,false,false,false,false,false,false,2,60,2,false
704,Yungoos,0,true,false,false,false,false,false,false,70,1,0,6,-1,true,false,false,-1,false,false,false,false,1,true,false,false,false,false,false,false,false,false,false,2,20,1,false
705,Gumshoos,0,true,false,false,false,false,false,false,100,1,0,6,-1,false,true,false,704,false,false,false,false,1,true,false,false,false,false,false,false,false,false,false,1,50,2,false
706,Tangela,0,true,false,false,false,false,false,false,80,2,1,2,-1,true,false,false,-1,false,false,false,false,1,false,true,false,false,false,false,false,false,false,false,2,30,1,false
707,Tangrowth,0,true,false,false,false,false,false,false,150,4,1,2,-1,false,true,false,706,false,false,false,false,1,false,true,false,false,false,false,false,false,false,false,2,120,2,false
708,Chikorita,0,true,false,false,false,false,false,false,70,1,1,2,-1,true,false,false,-1,false,false,false,false,1,false,true,false,false,false,false,false,false,false,false,1,20,1,false
709,Bayleef,0,true,false,false,false,false,false,false,110,2,1,2,-1,false,true,false,917,false,false,false,false,1,false,true,false,false,false,false,false,false,false,false,1,50,2,false
710,Meganium,0,true,false,false,false,false,false,false,160,2,1,2,-1,false,false,true,918,false,false,false,false,1,false,true,false,false,false,false,false,false,false,false,1,140,4,false
711,Shuckle,0,true,false,false,false,false,false,false,80,1,1,2,-1,true,false,false,-1,false,false,false,false,1,false,true,false,false,false,false,false,false,false,false,1,30,2,false
712,Nincada,0,true,false,false,false,false,false,false,50,1,1,2,-1,true,false,false,-1,false,false,false,false,1,false,true,false,false,false,false,false,false,false,false,1,20,1,false
713,Ninjask,0,true,false,false,false,false,false,false,80,0,1,2,-1,false,true,false,712,false,false,false,false,1,false,true,false,false,false,false,false,false,false,false,1,90,2,false
714,Dhelmise,0,true,false,false,false,false,false,false,120,2,1,2,-1,true,false,false,-1,false,false,false,false,1,false,true,false,false,false,false,false,false,false,false,1,30,2,false
715,Litleo,0,true,false,false,false,false,false,false,70,2,2,3,-1,true,false,false,-1,false,false,false,false,1,false,false,true,false,false,false,false,false,false,false,1,30,2,false
716,Pyroar,0,true,false,false,false,false,false,false,130,2,2,3,-1,false,true,false,715,false,false,false,false,1,false,false,true,false,false,false,false,false,false,false,1,70,3,false
717,Sizzlipede,0,true,false,false,false,false,false,false,80,2,2,3,-1,true,false,false,-1,false,false,false,false,1,false,false,true,false,false,false,false,false,false,false,2,50,1,false
718,Centiskorch,0,true,false,false,false,false,false,false,140,3,2,3,-1,false,true,false,717,false,false,false,false,1,false,false,true,false,false,false,false,false,false,false,2,140,2,true
719,Chi-Yu,0,true,false,false,false,false,false,false,110,1,2,3,-1,true,false,false,-1,false,false,false,false,1,false,false,true,false,false,false,false,false,false,false,1,40,1,false
720,Mantine,0,true,false,false,false,false,false,false,110,1,3,4,-1,true,false,false,-1,false,false,false,false,1,false,false,false,true,false,false,false,false,false,false,2,50,1,false
721,Kyogre,0,true,false,false,false,false,false,false,150,3,3,4,-1,true,false,false,-1,false,false,false,false,1,false,false,false,true,false,false,false,false,false,false,2,130,1,true
722,Snover,0,true,false,false,false,false,false,false,90,3,3,8,-1,true,false,false,-1,false,false,false,false,1,false,false,false,true,false,false,false,false,false,false,2,30,1,false
723,Mega Abomasnow ex,0,true,false,false,false,false,false,false,350,4,3,8,-1,false,true,false,722,false,true,false,false,3,false,false,false,true,false,false,false,false,false,false,2,200,2,true
724,Clauncher,0,true,false,false,false,false,false,false,80,2,3,4,-1,true,false,false,-1,false,false,false,false,1,false,false,false,true,false,false,false,false,false,false,1,50,2,false
725,Clawitzer,0,true,false,false,false,false,false,false,130,2,3,4,-1,false,true,false,724,false,false,false,false,1,false,false,false,true,false,false,false,false,false,false,1,210,3,false
726,Sobble,0,true,false,false,false,false,false,false,70,1,3,4,-1,true,false,false,-1,false,false,false,false,1,false,false,false,true,false,false,false,false,false,false,1,30,1,false
727,Drizzile,0,true,false,false,false,false,false,false,100,1,3,4,-1,false,true,false,726,false,false,false,false,1,false,false,false,true,false,false,false,false,false,false,1,0,1,true
728,Inteleon,0,true,false,false,false,false,false,false,150,1,3,4,-1,false,false,true,727,false,false,false,false,1,false,false,false,true,false,false,false,false,false,false,2,110,1,false
729,Snom,0,true,false,false,false,false,false,false,50,1,3,8,-1,true,false,false,-1,false,false,false,false,1,false,false,false,true,false,false,false,false,false,false,1,0,1,false
730,Frosmoth,0,true,false,false,false,false,false,false,110,2,3,8,-1,false,true,false,865,false,false,false,false,1,false,false,false,true,false,false,false,false,false,false,1,0,1,false
731,Eiscue,0,true,false,false,false,false,false,false,110,1,3,8,-1,true,false,false,-1,false,false,false,false,1,false,false,false,true,false,false,false,false,false,false,2,90,1,false
732,Magnemite,0,true,false,false,false,false,false,false,70,1,4,6,-1,true,false,false,-1,false,false,false,false,1,false,false,false,false,true,false,false,false,false,false,1,10,1,false
733,Magneton,0,true,false,false,false,false,false,false,90,2,4,6,-1,false,true,false,950,false,false,false,false,1,false,false,false,false,true,false,false,false,false,false,1,30,1,false
734,Magnezone,0,true,false,false,false,false,false,false,160,3,4,6,-1,false,false,true,733,false,false,false,false,1,false,false,false,false,true,false,false,false,false,false,2,160,1,false
735,Raikou,0,true,false,false,false,false,false,false,120,1,4,6,-1,true,false,false,-1,false,false,false,false,1,false,false,false,false,true,false,false,false,false,false,1,30,2,false
736,Electrike,0,true,false,false,false,false,false,false,70,1,4,6,-1,true,false,false,-1,false,false,false,false,1,false,false,false,false,true,false,false,false,false,false,1,30,1,false
737,Mega Manectric ex,0,true,false,false,false,false,false,false,330,0,4,6,-1,false,true,false,736,false,true,false,false,3,false,false,false,false,true,false,false,false,false,false,2,200,2,false
738,Pachirisu,0,true,false,false,false,false,false,false,70,1,4,6,-1,true,false,false,-1,false,false,false,false,1,false,false,false,false,true,false,false,false,false,false,1,10,1,false
739,Helioptile,0,true,false,false,false,false,false,false,70,1,4,6,-1,true,false,false,-1,false,false,false,false,1,false,false,false,false,true,false,false,false,false,false,1,0,1,true
740,Heliolisk,0,true,false,false,false,false,false,false,120,1,4,6,-1,false,true,false,955,false,false,false,false,1,false,false,false,false,true,false,false,false,false,false,2,70,1,false
741,Abra,0,true,false,false,false,false,false,false,50,1,5,7,6,true,false,false,-1,false,false,false,false,1,false,false,false,false,false,true,false,false,false,false,1,10,1,false
742,Kadabra,0,true,false,false,false,false,false,false,80,1,5,7,6,false,true,false,741,false,false,false,false,1,false,false,false,false,false,true,false,false,false,false,1,30,1,false
743,Alakazam,0,true,false,false,false,false,false,false,140,1,5,7,6,false,false,true,742,false,false,false,false,1,false,false,false,false,false,true,false,false,false,false,1,0,1,true
744,Jynx,0,true,false,false,false,false,false,false,110,1,5,7,6,true,false,false,-1,false,false,false,false,1,false,false,false,false,false,true,false,false,false,false,1,30,2,true
745,Ralts,0,true,false,false,false,false,false,false,70,1,5,7,6,true,false,false,-1,false,false,false,false,1,false,false,false,false,false,true,false,false,false,false,2,10,1,false
746,Kirlia,0,true,false,false,false,false,false,false,100,1,5,7,6,false,true,false,745,false,false,false,false,1,false,false,false,false,false,true,false,false,false,false,2,30,1,false
747,Mega Gardevoir ex,0,true,false,false,false,false,false,false,360,2,5,7,6,false,false,true,746,false,true,false,false,3,false,false,false,false,false,true,false,false,false,false,2,0,1,true
748,Shedinja,0,true,false,false,false,false,false,false,60,0,5,7,6,false,true,false,712,false,false,false,false,1,false,false,false,false,false,true,false,false,false,false,1,0,1,true
749,Spoink,0,true,false,false,false,false,false,false,70,1,5,7,6,true,false,false,-1,false,false,false,false,1,false,false,false,false,false,true,false,false,false,false,1,0,1,true
750,Grumpig,0,true,false,false,false,false,false,false,120,2,5,7,6,false,true,false,749,false,false,false,false,1,false,false,false,false,false,true,false,false,false,false,1,60,3,false
751,Xerneas,0,true,false,false,false,false,false,false,120,1,5,8,-1,true,false,false,-1,false,false,false,false,1,false,false,false,false,false,true,false,false,false,false,2,120,1,false
752,Greavard,0,true,false,false,false,false,false,false,80,3,5,7,6,true,false,false,-1,false,false,false,false,1,false,false,false,false,false,true,false,false,false,false,2,40,1,false
753,Houndstone,0,true,false,false,false,false,false,false,140,3,5,7,6,false,true,false,752,false,false,false,false,1,false,false,false,false,false,true,false,false,false,false,2,130,1,true
754,Mega Latias ex,0,true,false,false,false,false,false,false,280,1,9,-1,-1,true,false,false,-1,false,true,false,false,3,false,false,false,false,false,false,false,false,false,true,2,300,1,false
755,Latios,0,true,false,false,false,false,false,false,130,1,9,-1,-1,true,false,false,-1,false,false,false,false,1,false,false,false,false,false,false,false,false,false,true,1,130,3,false
756,Mega Kangaskhan ex,0,true,false,false,false,false,false,false,300,3,0,6,-1,true,false,false,-1,false,true,false,false,3,true,false,false,false,false,false,false,false,false,false,1,200,3,true
757,Delibird,0,true,false,false,false,false,false,false,90,1,0,4,6,true,false,false,-1,false,false,false,false,1,true,false,false,false,false,false,false,false,false,false,2,30,1,false
758,Buneary,0,true,false,false,false,false,false,false,70,1,0,6,-1,true,false,false,-1,false,false,false,false,1,true,false,false,false,false,false,false,false,false,false,2,10,1,false
759,Lopunny,0,true,false,false,false,false,false,false,110,1,0,6,-1,false,true,false,848,false,false,false,false,1,true,false,false,false,false,false,false,false,false,false,2,60,1,false
760,Stufful,0,true,false,false,false,false,false,false,70,2,0,6,-1,true,false,false,-1,false,false,false,false,1,true,false,false,false,false,false,false,false,false,false,2,20,1,false
761,Bewear,0,true,false,false,false,false,false,false,130,3,0,6,-1,false,true,false,760,false,false,false,false,1,true,false,false,false,false,false,false,false,false,false,2,100,2,false
762,Snubbull,0,true,false,false,false,false,false,false,70,1,5,8,-1,true,false,false,-1,false,false,false,false,1,false,false,false,false,false,true,false,false,false,false,1,20,2,false
763,Granbull,0,true,false,false,false,false,false,false,130,2,5,8,-1,false,true,false,762,false,false,false,false,1,false,false,false,false,false,true,false,false,false,false,2,90,2,false
764,Cresselia,0,true,false,false,false,false,false,false,120,1,5,7,6,true,false,false,-1,false,false,false,false,1,false,false,false,false,false,true,false,false,false,false,2,90,1,false
765,Meloetta,0,true,false,false,false,false,false,false,90,1,5,7,6,true,false,false,-1,false,false,false,false,1,false,false,false,false,false,true,false,false,false,false,2,50,1,false
766,Mega Diancie ex,0,true,false,false,false,false,false,false,270,1,5,8,-1,true,false,false,-1,false,true,false,false,3,false,false,false,false,false,true,false,false,false,false,1,0,2,true
767,Mimikyu,0,true,false,false,false,false,false,false,70,1,5,8,-1,true,false,false,-1,false,false,false,false,1,false,false,false,false,false,true,false,false,false,false,2,20,1,false
768,Milcery,0,true,false,false,false,false,false,false,50,1,5,8,-1,true,false,false,-1,false,false,false,false,1,false,false,false,false,false,true,false,false,false,false,1,10,1,false
769,Alcremie,0,true,false,false,false,false,false,false,90,1,5,8,-1,false,true,false,768,false,false,false,false,1,false,false,false,false,false,true,false,false,false,false,1,0,1,true
770,Gastly,0,true,false,false,false,false,false,false,70,1,7,6,-1,true,false,false,-1,false,false,false,false,1,false,false,false,false,false,false,false,true,false,false,1,10,1,false
771,Haunter,0,true,false,false,false,false,false,false,100,1,7,6,-1,false,true,false,1057,false,false,false,false,1,false,false,false,false,false,false,false,true,false,false,1,40,1,false
772,Mega Gengar ex,0,true,false,false,false,false,false,false,350,2,7,6,-1,false,false,true,1058,false,true,false,false,3,false,false,false,false,false,false,false,true,false,false,1,230,2,false
773,Murkrow,0,true,false,false,false,false,false,false,60,1,7,4,6,true,false,false,-1,false,false,false,false,1,false,false,false,false,false,false,false,true,false,false,1,10,1,false
774,Honchkrow,0,true,false,false,false,false,false,false,130,1,7,4,6,false,true,false,773,false,false,false,false,1,false,false,false,false,false,false,false,true,false,false,2,30,1,false
775,Sableye,0,true,false,false,false,false,false,false,80,1,7,1,-1,true,false,false,-1,false,false,false,false,1,false,false,false,false,false,false,false,true,false,false,1,20,1,false
776,Absol,0,true,false,false,false,false,false,false,110,1,7,1,-1,true,false,false,-1,false,false,false,false,1,false,false,false,false,false,false,false,true,false,false,2,60,1,false
777,Eternatus,0,true,false,false,false,false,false,false,150,2,7,6,-1,true,false,false,-1,false,false,false,false,1,false,false,false,false,false,false,false,true,false,false,2,130,2,false
778,Oddish,0,true,false,false,false,false,false,false,50,1,1,2,-1,true,false,false,-1,false,false,false,false,1,false,true,false,false,false,false,false,false,false,false,1,20,1,false
779,Gloom,0,true,false,false,false,false,false,false,70,1,1,2,-1,false,true,false,778,false,false,false,false,1,false,true,false,false,false,false,false,false,false,false,1,20,1,false
780,Vileplume,0,true,false,false,false,false,false,false,150,2,1,2,-1,false,false,true,779,false,false,false,false,1,false,true,false,false,false,false,false,false,false,false,2,60,1,false
781,Mega Heracross ex,0,true,false,false,false,false,false,false,280,2,1,2,-1,true,false,false,-1,false,true,false,false,3,false,true,false,false,false,false,false,false,false,false,2,170,2,false
782,Lotad,0,true,false,false,false,false,false,false,70,1,1,2,-1,true,false,false,-1,false,false,false,false,1,false,true,false,false,false,false,false,false,false,false,1,30,2,false
783,Lombre,0,true,false,false,false,false,false,false,90,1,1,2,-1,false,true,false,782,false,false,false,false,1,false,true,false,false,false,false,false,false,false,false,1,30,2,false
784,Ludicolo,0,true,false,false,false,false,false,false,160,2,1,2,-1,false,false,true,783,false,false,false,false,1,false,true,false,false,false,false,false,false,false,false,1,120,2,false
785,Genesect,0,true,false,false,false,false,false,false,120,2,1,2,-1,true,false,false,-1,false,false,false,false,1,false,true,false,false,false,false,false,false,false,false,2,110,1,true
786,Nymble,0,true,false,false,false,false,false,false,50,1,1,2,-1,true,false,false,-1,false,false,false,false,1,false,true,false,false,false,false,false,false,false,false,1,0,1,true
787,Lokix,0,true,false,false,false,false,false,false,120,1,1,2,-1,false,true,false,786,false,false,false,false,1,false,true,false,false,false,false,false,false,false,false,2,150,1,false
788,Charmander,0,true,false,false,false,false,false,false,80,2,2,3,-1,true,false,false,-1,false,false,false,false,1,false,false,true,false,false,false,false,false,false,false,1,20,1,false
789,Charmeleon,0,true,false,false,false,false,false,false,110,2,2,3,-1,false,true,false,926,false,false,false,false,1,false,false,true,false,false,false,false,false,false,false,1,40,1,false
790,Mega Charizard X ex,0,true,false,false,false,false,false,false,360,2,2,3,-1,false,false,true,927,false,true,false,false,3,false,false,true,false,false,false,false,false,false,false,1,0,2,true
791,Moltres,0,true,false,false,false,false,false,false,120,1,2,3,-1,true,false,false,-1,false,false,false,false,1,false,false,true,false,false,false,false,false,false,false,1,20,1,false
792,Darumaka,0,true,false,false,false,false,false,false,80,2,2,3,-1,true,false,false,-1,false,false,false,false,1,false,false,true,false,false,false,false,false,false,false,1,10,3,true
793,Darmanitan,0,true,false,false,false,false,false,false,150,3,2,3,-1,false,true,false,792,false,false,false,false,1,false,false,true,false,false,false,false,false,false,false,1,40,4,true
794,Reshiram,0,true,false,false,false,false,false,false,130,2,2,3,-1,true,false,false,-1,false,false,false,false,1,false,false,true,false,false,false,false,false,false,false,2,240,1,false
795,Oricorio ex,0,true,false,false,false,false,false,false,190,1,2,3,-1,true,false,false,-1,true,false,false,false,2,false,false,true,false,false,false,false,false,false,false,1,110,3,false
796,Charcadet,0,true,false,false,false,false,false,false,70,2,2,3,-1,true,false,false,-1,false,false,false,false,1,false,false,true,false,false,false,false,false,false,false,2,10,1,false
797,Ceruledge,0,true,false,false,false,false,false,false,140,2,2,3,-1,false,true,false,796,false,false,false,false,1,false,false,true,false,false,false,false,false,false,false,1,220,1,false
798,Seel,0,true,false,false,false,false,false,false,80,2,3,4,-1,true,false,false,-1,false,false,false,false,1,false,false,false,true,false,false,false,false,false,false,1,20,2,false
799,Dewgong,0,true,false,false,false,false,false,false,130,2,3,4,-1,false,true,false,1028,false,false,false,false,1,false,false,false,true,false,false,false,false,false,false,1,0,2,true
800,Swinub,0,true,false,false,false,false,false,false,70,2,3,8,-1,true,false,false,-1,false,false,false,false,1,false,false,false,true,false,false,false,false,false,false,2,20,1,false
801,Piloswine,0,true,false,false,false,false,false,false,100,3,3,8,-1,false,true,false,800,false,false,false,false,1,false,false,false,true,false,false,false,false,false,false,2,70,2,false
802,Mamoswine,0,true,false,false,false,false,false,false,180,4,3,8,-1,false,false,true,801,false,false,false,false,1,false,false,false,true,false,false,false,false,false,false,2,200,3,false
803,Suicune,0,true,false,false,false,false,false,false,130,2,3,4,-1,true,false,false,-1,false,false,false,false,1,false,false,false,true,false,false,false,false,false,false,1,30,2,false
804,Piplup,0,true,false,false,false,false,false,false,70,1,3,4,-1,true,false,false,-1,false,false,false,false,1,false,false,false,true,false,false,false,false,false,false,2,20,1,false
805,Prinplup,0,true,false,false,false,false,false,false,100,2,3,4,-1,false,true,false,804,false,false,false,false,1,false,false,false,true,false,false,false,false,false,false,2,20,1,false
806,Rotom ex,0,true,false,false,false,false,false,false,190,1,4,6,-1,true,false,false,-1,true,false,false,false,2,false,false,false,false,true,false,false,false,false,false,1,130,2,false
807,Yamper,0,true,false,false,false,false,false,false,70,1,4,6,-1,true,false,false,-1,false,false,false,false,1,false,false,false,false,true,false,false,false,false,false,1,20,2,false
808,Boltund,0,true,false,false,false,false,false,false,130,1,4,6,-1,false,true,false,807,false,false,false,false,1,false,false,false,false,true,false,false,false,false,false,1,70,2,false
809,Pawmi,0,true,false,false,false,false,false,false,60,1,4,6,-1,true,false,false,-1,false,false,false,false,1,false,false,false,false,true,false,false,false,false,false,2,10,1,false
810,Pawmo,0,true,false,false,false,false,false,false,90,1,4,6,-1,false,true,false,809,false,false,false,false,1,false,false,false,false,true,false,false,false,false,false,1,60,2,false
811,Pawmot,0,true,false,false,false,false,false,false,140,1,4,6,-1,false,false,true,810,false,false,false,false,1,false,false,false,false,true,false,false,false,false,false,1,130,2,false
812,Misdreavus,0,true,false,false,false,false,false,false,70,1,5,7,6,true,false,false,-1,false,false,false,false,1,false,false,false,false,false,true,false,false,false,false,1,20,1,false
813,Mismagius ex,0,true,false,false,false,false,false,false,260,1,5,7,6,false,true,false,875,true,false,false,false,2,false,false,false,false,false,true,false,false,false,false,1,150,2,false
814,Cottonee,0,true,false,false,false,false,false,false,60,1,5,8,-1,true,false,false,-1,false,false,false,false,1,false,false,false,false,false,true,false,false,false,false,1,0,1,false
815,Whimsicott,0,true,false,false,false,false,false,false,90,1,5,8,-1,false,true,false,814,false,false,false,false,1,false,false,false,false,false,true,false,false,false,false,2,50,1,false
816,Zacian,0,true,false,false,false,false,false,false,130,2,5,8,-1,true,false,false,-1,false,false,false,false,1,false,false,false,false,false,true,false,false,false,false,1,50,2,false
817,Bramblin,0,true,false,false,false,false,false,false,50,1,5,7,6,true,false,false,-1,false,false,false,false,1,false,false,false,false,false,true,false,false,false,false,1,0,1,false
818,Brambleghast,0,true,false,false,false,false,false,false,100,2,5,7,6,false,true,false,817,false,false,false,false,1,false,false,false,false,false,true,false,false,false,false,1,80,3,false
819,Paldean Tauros,0,true,false,false,false,false,false,false,130,2,6,5,-1,true,false,false,-1,false,false,false,false,1,false,false,false,false,false,false,true,false,false,false,2,70,1,true
820,Gligar,0,true,false,false,false,false,false,false,70,1,6,1,-1,true,false,false,-1,false,false,false,false,1,false,false,false,false,false,false,true,false,false,false,1,10,1,false
821,Gliscor,0,true,false,false,false,false,false,false,120,1,6,1,-1,false,true,false,820,false,false,false,false,1,false,false,false,false,false,false,true,false,false,false,1,50,1,false
822,Trapinch,0,true,false,false,false,false,false,false,70,1,6,1,-1,true,false,false,-1,false,false,false,false,1,false,false,false,false,false,false,true,false,false,false,1,0,1,true
823,Vibrava,0,true,false,false,false,false,false,false,90,1,6,1,-1,false,true,false,822,false,false,false,false,1,false,false,false,false,false,false,true,false,false,false,1,60,2,false
824,Flygon,0,true,false,false,false,false,false,false,150,1,6,1,-1,false,false,true,823,false,false,false,false,1,false,false,false,false,false,false,true,false,false,false,1,130,2,false
825,Sneasel,0,true,false,false,false,false,false,false,70,1,7,1,-1,true,false,false,-1,false,false,false,false,1,false,false,false,false,false,false,false,true,false,false,2,30,1,false
826,Weavile,0,true,false,false,false,false,false,false,90,1,7,1,-1,false,true,false,825,false,false,false,false,1,false,false,false,false,false,false,false,true,false,false,2,60,2,false
827,Carvanha,0,true,false,false,false,false,false,false,70,1,7,1,-1,true,false,false,-1,false,false,false,false,1,false,false,false,false,false,false,false,true,false,false,1,30,1,false
828,Mega Sharpedo ex,0,true,false,false,false,false,false,false,330,0,7,1,-1,false,true,false,827,false,true,false,false,3,false,false,false,false,false,false,false,true,false,false,2,120,1,false
829,Seviper,0,true,false,false,false,false,false,false,120,1,7,6,-1,true,false,false,-1,false,false,false,false,1,false,false,false,false,false,false,false,true,false,false,1,120,3,false
830,Sandile,0,true,false,false,false,false,false,false,70,2,7,1,-1,true,false,false,-1,false,false,false,false,1,false,false,false,false,false,false,false,true,false,false,2,20,1,false
831,Krokorok,0,true,false,false,false,false,false,false,100,2,7,1,-1,false,true,false,830,false,false,false,false,1,false,false,false,false,false,false,false,true,false,false,2,60,1,false
832,Krookodile,0,true,false,false,false,false,false,false,170,3,7,1,-1,false,false,true,831,false,false,false,false,1,false,false,false,false,false,false,false,true,false,false,2,160,1,false
833,Toxel,0,true,false,false,false,false,false,false,70,1,7,6,-1,true,false,false,-1,false,false,false,false,1,false,false,false,false,false,false,false,true,false,false,2,20,1,false
834,Toxtricity,0,true,false,false,false,false,false,false,140,2,7,6,-1,false,true,false,833,false,false,false,false,1,false,false,false,false,false,false,false,true,false,false,1,100,3,false
835,Empoleon ex,0,true,false,false,false,false,false,false,320,2,8,2,1,false,false,true,805,true,false,false,false,2,false,false,false,false,false,false,false,false,true,false,1,210,3,false
836,Bronzor,0,true,false,false,false,false,false,false,80,2,8,2,1,true,false,false,-1,false,false,false,false,1,false,false,false,false,false,false,false,false,true,false,2,30,1,false
837,Bronzong,0,true,false,false,false,false,false,false,140,3,8,2,1,false,true,false,989,false,false,false,false,1,false,false,false,false,false,false,false,false,true,false,2,0,1,true
838,Togedemaru,0,true,false,false,false,false,false,false,80,1,8,2,1,true,false,false,-1,false,false,false,false,1,false,false,false,false,false,false,false,false,true,false,2,30,1,false
839,Duraludon,0,true,false,false,false,false,false,false,130,2,8,2,1,true,false,false,-1,false,false,false,false,1,false,false,false,false,false,false,false,false,true,false,1,70,3,false
840,Archaludon,0,true,false,false,false,false,false,false,180,2,8,2,1,false,true,false,992,false,false,false,false,1,false,false,false,false,false,false,false,false,true,false,1,120,3,false
841,Jigglypuff,0,true,false,false,false,false,false,false,70,1,0,6,-1,true,false,false,-1,false,false,false,false,1,true,false,false,false,false,false,false,false,false,false,1,0,1,true
842,Wigglytuff,0,true,false,false,false,false,false,false,120,2,0,6,-1,false,true,false,841,false,false,false,false,1,true,false,false,false,false,false,false,false,false,false,2,100,2,true
843,Aipom,0,true,false,false,false,false,false,false,70,1,0,6,-1,true,false,false,-1,false,false,false,false,1,true,false,false,false,false,false,false,false,false,false,1,20,2,false
844,Ambipom,0,true,false,false,false,false,false,false,110,1,0,6,-1,false,true,false,843,false,false,false,false,1,true,false,false,false,false,false,false,false,false,false,2,50,2,false
845,Smeargle,0,true,false,false,false,false,false,false,80,1,0,6,-1,true,false,false,-1,false,false,false,false,1,true,false,false,false,false,false,false,false,false,false,2,40,1,false
846,Zigzagoon,0,true,false,false,false,false,false,false,70,1,0,6,-1,true,false,false,-1,false,false,false,false,1,true,false,false,false,false,false,false,false,false,false,1,30,1,false
847,Linoone,0,true,false,false,false,false,false,false,100,1,0,6,-1,false,true,false,846,false,false,false,false,1,true,false,false,false,false,false,false,false,false,false,1,70,1,false
848,Buneary,0,true,false,false,false,false,false,false,70,1,0,6,-1,true,false,false,-1,false,false,false,false,1,true,false,false,false,false,false,false,false,false,false,2,20,1,false
849,Mega Lopunny ex,0,true,false,false,false,false,false,false,330,1,0,6,-1,false,true,false,848,false,true,false,false,3,true,false,false,false,false,false,false,false,false,false,2,160,1,false
850,Wurmple,0,true,false,false,false,false,false,false,60,1,1,2,-1,true,false,false,-1,false,false,false,false,1,false,true,false,false,false,false,false,false,false,false,1,20,1,false
851,Silcoon,0,true,false,false,false,false,false,false,90,3,1,2,-1,false,true,false,850,false,false,false,false,1,false,true,false,false,false,false,false,false,false,false,1,30,1,false
852,Beautifly,0,true,false,false,false,false,false,false,130,1,1,2,-1,false,false,true,851,false,false,false,false,1,false,true,false,false,false,false,false,false,false,false,2,40,1,true
853,Cascoon,0,true,false,false,false,false,false,false,90,3,1,2,-1,false,true,false,850,false,false,false,false,1,false,true,false,false,false,false,false,false,false,false,1,0,1,false
854,Dustox,0,true,false,false,false,false,false,false,140,1,1,2,-1,false,false,true,853,false,false,false,false,1,false,true,false,false,false,false,false,false,false,false,1,100,2,false
855,Entei,0,true,false,false,false,false,false,false,140,3,2,3,-1,true,false,false,-1,false,false,false,false,1,false,false,true,false,false,false,false,false,false,false,1,30,2,false
856,Numel,0,true,false,false,false,false,false,false,80,3,2,3,-1,true,false,false,-1,false,false,false,false,1,false,false,true,false,false,false,false,false,false,false,1,20,2,false
857,Camerupt,0,true,false,false,false,false,false,false,140,3,2,3,-1,false,true,false,856,false,false,false,false,1,false,false,true,false,false,false,false,false,false,false,2,170,1,false
858,Psyduck,0,true,false,false,false,false,false,false,70,1,3,4,-1,true,false,false,-1,false,false,false,false,1,false,false,false,true,false,false,false,false,false,false,1,20,2,false
859,Golduck,0,true,false,false,false,false,false,false,120,1,3,4,-1,false,true,false,858,false,false,false,false,1,false,false,false,true,false,false,false,false,false,false,1,60,3,true
860,Snorunt,0,true,false,false,false,false,false,false,70,1,3,8,-1,true,false,false,-1,false,false,false,false,1,false,false,false,true,false,false,false,false,false,false,1,10,1,false
861,Mega Froslass ex,0,true,false,false,false,false,false,false,310,1,3,8,-1,false,true,false,860,false,true,false,false,3,false,false,false,true,false,false,false,false,false,false,2,150,1,true
862,N's Vanillite,0,true,false,false,false,false,false,false,60,1,3,8,-1,true,false,false,-1,false,false,false,false,1,false,false,false,true,false,false,false,false,false,false,2,20,1,false
863,N's Vanillish,0,true,false,false,false,false,false,false,100,1,3,8,-1,false,true,false,862,false,false,false,false,1,false,false,false,true,false,false,false,false,false,false,2,60,1,false
864,N's Vanilluxe,0,true,false,false,false,false,false,false,150,2,3,8,-1,false,false,true,863,false,false,false,false,1,false,false,false,true,false,false,false,false,false,false,2,120,2,false
865,Snom,0,true,false,false,false,false,false,false,50,1,3,8,-1,true,false,false,-1,false,false,false,false,1,false,false,false,true,false,false,false,false,false,false,1,20,1,false
866,Frosmoth,0,true,false,false,false,false,false,false,110,2,3,8,-1,false,true,false,865,false,false,false,false,1,false,false,false,true,false,false,false,false,false,false,1,90,2,false
867,Glastrier,0,true,false,false,false,false,false,false,130,2,3,8,-1,true,false,false,-1,false,false,false,false,1,false,false,false,true,false,false,false,false,false,false,2,130,1,false
868,Mega Eelektross ex,0,true,false,false,false,false,false,false,350,2,4,6,-1,false,false,true,512,false,true,false,false,3,false,false,false,false,true,false,false,false,false,false,2,190,2,false
869,Stunfisk,0,true,false,false,false,false,false,false,110,2,4,6,-1,true,false,false,-1,false,false,false,false,1,false,false,false,false,true,false,false,false,false,false,1,30,1,false
870,Helioptile,0,true,false,false,false,false,false,false,70,1,4,6,-1,true,false,false,-1,false,false,false,false,1,false,false,false,false,true,false,false,false,false,false,1,30,2,false
871,Heliolisk,0,true,false,false,false,false,false,false,120,1,4,6,-1,false,true,false,955,false,false,false,false,1,false,false,false,false,true,false,false,false,false,false,1,0,3,true
872,Tapu Koko,0,true,false,false,false,false,false,false,120,1,4,6,-1,true,false,false,-1,false,false,false,false,1,false,false,false,false,true,false,false,false,false,false,2,130,1,false
873,Team Rocket's Exeggcute,0,true,false,false,false,false,false,false,60,1,5,7,6,true,false,false,-1,false,false,false,false,1,false,false,false,false,false,true,false,false,false,false,1,10,1,false
874,Team Rocket's Exeggutor,0,true,false,false,false,false,false,false,140,3,5,7,6,false,true,false,873,false,false,false,false,1,false,false,false,false,false,true,false,false,false,false,2,150,2,false
875,Misdreavus,0,true,false,false,false,false,false,false,60,1,5,7,6,true,false,false,-1,false,false,false,false,1,false,false,false,false,false,true,false,false,false,false,1,0,1,false
876,Mismagius,0,true,false,false,false,false,false,false,110,1,5,7,6,false,true,false,875,false,false,false,false,1,false,false,false,false,false,true,false,false,false,false,1,60,2,false
877,Rotom,0,true,false,false,false,false,false,false,60,1,5,7,6,true,false,false,-1,false,false,false,false,1,false,false,false,false,false,true,false,false,false,false,2,0,1,true
878,Hop's Phantump,0,true,false,false,false,false,false,false,70,2,5,7,6,true,false,false,-1,false,false,false,false,1,false,false,false,false,false,true,false,false,false,false,1,10,1,false
879,Hop's Trevenant,0,true,false,false,false,false,false,false,140,2,5,7,6,false,true,false,878,false,false,false,false,1,false,false,false,false,false,true,false,false,false,false,2,90,1,false
880,Spectrier,0,true,false,false,false,false,false,false,120,1,5,7,6,true,false,false,-1,false,false,false,false,1,false,false,false,false,false,true,false,false,false,false,2,30,1,false
881,Team Rocket's Diglett,0,true,false,false,false,false,false,false,60,1,6,1,-1,true,false,false,-1,false,false,false,false,1,false,false,false,false,false,false,true,false,false,false,1,0,1,true
882,Team Rocket's Dugtrio,0,true,false,false,false,false,false,false,100,1,6,1,-1,false,true,false,881,false,false,false,false,1,false,false,false,false,false,false,true,false,false,false,1,50,2,false
883,Meditite,0,true,false,false,false,false,false,false,70,1,6,5,-1,true,false,false,-1,false,false,false,false,1,false,false,false,false,false,false,true,false,false,false,2,10,1,false
884,Medicham,0,true,false,false,false,false,false,false,120,1,6,5,-1,false,true,false,883,false,false,false,false,1,false,false,false,false,false,false,true,false,false,false,1,150,1,false
885,Pancham,0,true,false,false,false,false,false,false,70,2,6,5,-1,true,false,false,-1,false,false,false,false,1,false,false,false,false,false,false,true,false,false,false,1,20,1,false
886,Mega Hawlucha ex,0,true,false,false,false,false,false,false,250,1,6,5,-1,true,false,false,-1,false,true,false,false,3,false,false,false,false,false,false,true,false,false,false,1,120,3,false
887,Rolycoly,0,true,false,false,false,false,false,false,80,3,6,1,-1,true,false,false,-1,false,false,false,false,1,false,false,false,false,false,false,true,false,false,false,1,20,1,false
888,Carkol,0,true,false,false,false,false,false,false,110,3,6,1,-1,false,true,false,887,false,false,false,false,1,false,false,false,false,false,false,true,false,false,false,2,60,1,false
889,Coalossal,0,true,false,false,false,false,false,false,180,4,6,1,-1,false,false,true,888,false,false,false,false,1,false,false,false,false,false,false,true,false,false,false,2,220,1,false
890,Okidogi,0,true,false,false,false,false,false,false,140,3,6,5,-1,true,false,false,-1,false,false,false,false,1,false,false,false,false,false,false,true,false,false,false,2,80,1,true
891,Team Rocket's Honchkrow,0,true,false,false,false,false,false,false,130,1,7,4,6,false,true,false,463,false,false,false,false,1,false,false,false,false,false,false,false,true,false,false,2,100,2,true
892,Galarian Zigzagoon,0,true,false,false,false,false,false,false,70,1,7,1,-1,true,false,false,-1,false,false,false,false,1,false,false,false,false,false,false,false,true,false,false,1,10,1,false
893,Galarian Linoone,0,true,false,false,false,false,false,false,90,2,7,1,-1,false,true,false,892,false,false,false,false,1,false,false,false,false,false,false,false,true,false,false,2,50,1,false
894,Galarian Obstagoon,0,true,false,false,false,false,false,false,170,2,7,1,-1,false,false,true,893,false,false,false,false,1,false,false,false,false,false,false,false,true,false,false,2,160,2,true
895,Scraggy,0,true,false,false,false,false,false,false,80,2,7,1,-1,true,false,false,-1,false,false,false,false,1,false,false,false,false,false,false,false,true,false,false,1,20,2,false
896,Mega Scrafty ex,0,true,false,false,false,false,false,false,330,2,7,1,-1,false,true,false,895,false,true,false,false,3,false,false,false,false,false,false,false,true,false,false,1,160,3,false
897,Pangoro,0,true,false,false,false,false,false,false,140,3,7,1,-1,false,true,false,885,false,false,false,false,1,false,false,false,false,false,false,false,true,false,false,2,80,1,false
898,Pecharunt,0,true,false,false,false,false,false,false,80,1,7,6,-1,true,false,false,-1,false,false,false,false,1,false,false,false,false,false,false,false,true,false,false,1,20,1,false
899,Pawniard,0,true,false,false,false,false,false,false,70,1,8,2,1,true,false,false,-1,false,false,false,false,1,false,false,false,false,false,false,false,false,true,false,1,10,1,false
900,Bisharp,0,true,false,false,false,false,false,false,120,1,8,2,1,false,true,false,899,false,false,false,false,1,false,false,false,false,false,false,false,false,true,false,1,50,1,false
901,Kingambit,0,true,false,false,false,false,false,false,170,3,8,2,1,false,false,true,900,false,false,false,false,1,false,false,false,false,false,false,false,false,true,false,1,180,2,false
902,Dratini,0,true,false,false,false,false,false,false,80,2,9,-1,-1,true,false,false,-1,false,false,false,false,1,false,false,false,false,false,false,false,false,false,true,1,30,2,false
903,Dragonair,0,true,false,false,false,false,false,false,100,2,9,-1,-1,false,true,false,902,false,false,false,false,1,false,false,false,false,false,false,false,false,false,true,1,60,2,false
904,Mega Dragonite ex,0,true,false,false,false,false,false,false,370,2,9,-1,-1,false,false,true,903,false,true,false,false,3,false,false,false,false,false,false,false,false,false,true,1,330,3,false
905,Rayquaza,0,true,false,false,false,false,false,false,120,1,9,-1,-1,true,false,false,-1,false,false,false,false,1,false,false,false,false,false,false,false,false,false,true,2,130,2,false
906,N's Zekrom,0,true,false,false,false,false,false,false,130,2,9,-1,-1,true,false,false,-1,false,false,false,false,1,false,false,false,false,false,false,false,false,false,true,2,250,3,false
907,Noibat,0,true,false,false,false,false,false,false,70,1,9,-1,-1,true,false,false,-1,false,false,false,false,1,false,false,false,false,false,false,false,false,false,true,2,30,1,false
908,Noivern,0,true,false,false,false,false,false,false,120,0,9,-1,-1,false,true,false,907,false,false,false,false,1,false,false,false,false,false,false,false,false,false,true,2,70,2,false
909,Erika's Oddish,0,true,false,false,false,false,false,false,60,1,1,2,-1,true,false,false,-1,false,false,false,false,1,false,true,false,false,false,false,false,false,false,false,1,30,1,false
910,Erika's Gloom,0,true,false,false,false,false,false,false,90,1,1,2,-1,false,true,false,909,false,false,false,false,1,false,true,false,false,false,false,false,false,false,false,1,50,2,false
911,Erika's Vileplume ex,0,true,false,false,false,false,false,false,310,2,1,2,-1,false,false,true,910,true,false,false,false,2,false,true,false,false,false,false,false,false,false,false,1,160,3,false
912,Erika's Bellsprout,0,true,false,false,false,false,false,false,60,1,1,2,-1,true,false,false,-1,false,false,false,false,1,false,true,false,false,false,false,false,false,false,false,1,20,1,false
913,Erika's Weepinbell,0,true,false,false,false,false,false,false,90,2,1,2,-1,false,true,false,912,false,false,false,false,1,false,true,false,false,false,false,false,false,false,false,2,70,1,false
914,Erika's Victreebel,0,true,false,false,false,false,false,false,150,3,1,2,-1,false,false,true,913,false,false,false,false,1,false,true,false,false,false,false,false,false,false,false,2,130,2,true
915,Erika's Tangela,0,true,false,false,false,false,false,false,80,2,1,2,-1,true,false,false,-1,false,false,false,false,1,false,true,false,false,false,false,false,false,false,false,1,50,2,false
916,Scyther,0,true,false,false,false,false,false,false,90,1,1,2,-1,true,false,false,-1,false,false,false,false,1,false,true,false,false,false,false,false,false,false,false,2,60,1,false
917,Chikorita,0,true,false,false,false,false,false,false,70,1,1,2,-1,true,false,false,-1,false,false,false,false,1,false,true,false,false,false,false,false,false,false,false,2,30,1,false
918,Bayleef,0,true,false,false,false,false,false,false,100,2,1,2,-1,false,true,false,917,false,false,false,false,1,false,true,false,false,false,false,false,false,false,false,1,60,2,false
919,Mega Meganium ex,0,true,false,false,false,false,false,false,360,2,1,2,-1,false,false,true,918,false,true,false,false,3,false,true,false,false,false,false,false,false,false,false,1,70,3,true
920,Tapu Bulu,0,true,false,false,false,false,false,false,140,3,1,2,-1,true,false,false,-1,false,false,false,false,1,false,true,false,false,false,false,false,false,false,false,1,220,4,false
921,Dipplin,0,true,false,false,false,false,false,false,90,3,1,2,-1,false,true,false,346,false,false,false,false,1,false,true,false,false,false,false,false,false,false,false,1,20,1,false
922,Sprigatito,0,true,false,false,false,false,false,false,60,1,1,2,-1,true,false,false,-1,false,false,false,false,1,false,true,false,false,false,false,false,false,false,false,1,0,1,true
923,Floragato,0,true,false,false,false,false,false,false,90,1,1,2,-1,false,true,false,922,false,false,false,false,1,false,true,false,false,false,false,false,false,false,false,1,30,2,false
924,Meowscarada,0,true,false,false,false,false,false,false,160,1,1,2,-1,false,false,true,923,false,false,false,false,1,false,true,false,false,false,false,false,false,false,false,1,90,2,false
925,Capsakid,0,true,false,false,false,false,false,false,70,1,1,2,-1,true,false,false,-1,false,false,false,false,1,false,true,false,false,false,false,false,false,false,false,1,20,2,false
926,Charmander,0,true,false,false,false,false,false,false,80,1,2,3,-1,true,false,false,-1,false,false,false,false,1,false,false,true,false,false,false,false,false,false,false,1,30,2,false
927,Charmeleon,0,true,false,false,false,false,false,false,100,1,2,3,-1,false,true,false,926,false,false,false,false,1,false,false,true,false,false,false,false,false,false,false,1,50,2,false
928,Mega Charizard Y ex,0,true,false,false,false,false,false,false,360,1,2,3,-1,false,false,true,927,false,true,false,false,3,false,false,true,false,false,false,false,false,false,false,1,0,3,false
929,Magmar,0,true,false,false,false,false,false,false,80,2,2,3,-1,true,false,false,-1,false,false,false,false,1,false,false,true,false,false,false,false,false,false,false,1,30,2,false
930,Tepig,0,true,false,false,false,false,false,false,80,2,2,3,-1,true,false,false,-1,false,false,false,false,1,false,false,true,false,false,false,false,false,false,false,1,20,1,false
931,Pignite,0,true,false,false,false,false,false,false,110,3,2,3,-1,false,true,false,930,false,false,false,false,1,false,false,true,false,false,false,false,false,false,false,1,70,3,false
932,Mega Emboar ex,0,true,false,false,false,false,false,false,380,4,2,3,-1,false,false,true,931,false,true,false,false,3,false,false,true,false,false,false,false,false,false,false,1,320,3,false
933,Larvesta,0,true,false,false,false,false,false,false,70,2,2,3,-1,true,false,false,-1,false,false,false,false,1,false,false,true,false,false,false,false,false,false,false,2,20,1,false
934,Centiskorch,0,true,false,false,false,false,false,false,130,2,2,3,-1,false,true,false,717,false,false,false,false,1,false,false,true,false,false,false,false,false,false,false,2,130,1,false
935,Fuecoco,0,true,false,false,false,false,false,false,80,2,2,3,-1,true,false,false,-1,false,false,false,false,1,false,false,true,false,false,false,false,false,false,false,1,20,2,false
936,Crocalor,0,true,false,false,false,false,false,false,110,3,2,3,-1,false,true,false,935,false,false,false,false,1,false,false,true,false,false,false,false,false,false,false,1,30,2,false
937,Totodile,0,true,false,false,false,false,false,false,80,1,3,4,-1,true,false,false,-1,false,false,false,false,1,false,false,false,true,false,false,false,false,false,false,1,40,2,false
938,Croconaw,0,true,false,false,false,false,false,false,100,2,3,4,-1,false,true,false,937,false,false,false,false,1,false,false,false,true,false,false,false,false,false,false,1,50,2,false
939,Mega Feraligatr ex,0,true,false,false,false,false,false,false,370,3,3,4,-1,false,false,true,938,false,true,false,false,3,false,false,false,true,false,false,false,false,false,false,1,200,3,false
940,Glalie,0,true,false,false,false,false,false,false,120,2,3,8,-1,false,true,false,860,false,false,false,false,1,false,false,false,true,false,false,false,false,false,false,2,140,1,true
941,Spheal,0,true,false,false,false,false,false,false,70,2,3,8,-1,true,false,false,-1,false,false,false,false,1,false,false,false,true,false,false,false,false,false,false,1,10,1,false
942,Sealeo,0,true,false,false,false,false,false,false,100,3,3,8,-1,false,true,false,941,false,false,false,false,1,false,false,false,true,false,false,false,false,false,false,2,60,1,false
943,Walrein,0,true,false,false,false,false,false,false,170,3,3,8,-1,false,false,true,942,false,false,false,false,1,false,false,false,true,false,false,false,false,false,false,2,170,1,false
944,Regice ex,0,true,false,false,false,false,false,false,230,3,3,8,-1,true,false,false,-1,true,false,false,false,2,false,false,false,true,false,false,false,false,false,false,2,140,1,false
945,Froakie,0,true,false,false,false,false,false,false,60,1,3,4,-1,true,false,false,-1,false,false,false,false,1,false,false,false,true,false,false,false,false,false,false,1,20,2,false
946,Cramorant,0,true,false,false,false,false,false,false,110,1,3,4,-1,true,false,false,-1,false,false,false,false,1,false,false,false,true,false,false,false,false,false,false,2,20,1,false
947,Quaxly,0,true,false,false,false,false,false,false,60,1,3,4,-1,true,false,false,-1,false,false,false,false,1,false,false,false,true,false,false,false,false,false,false,1,10,1,false
948,Pikachu,0,true,false,false,false,false,false,false,70,1,4,6,-1,true,false,false,-1,false,false,false,false,1,false,false,false,false,true,false,false,false,false,false,2,30,1,false
949,Raichu,0,true,false,false,false,false,false,false,130,1,4,6,-1,false,true,false,948,false,false,false,false,1,false,false,false,false,true,false,false,false,false,false,2,150,1,false
950,Magnemite,0,true,false,false,false,false,false,false,60,1,4,6,-1,true,false,false,-1,false,false,false,false,1,false,false,false,false,true,false,false,false,false,false,1,20,1,false
951,Voltorb ex,0,true,false,false,false,false,false,false,170,1,4,6,-1,true,false,false,-1,true,false,false,false,2,false,false,false,false,true,false,false,false,false,false,1,100,3,true
952,Zapdos,0,true,false,false,false,false,false,false,110,1,4,4,6,true,false,false,-1,false,false,false,false,1,false,false,false,false,true,false,false,false,false,false,2,80,2,true
953,Zapdos,0,true,false,false,false,false,false,false,120,2,4,4,6,true,false,false,-1,false,false,false,false,1,false,false,false,false,true,false,false,false,false,false,2,190,1,false
954,Luxray ex,0,true,false,false,false,false,false,false,310,1,4,6,-1,false,false,true,1036,true,false,false,false,2,false,false,false,false,true,false,false,false,false,false,2,250,2,false
955,Helioptile,0,true,false,false,false,false,false,false,60,1,4,6,-1,true,false,false,-1,false,false,false,false,1,false,false,false,false,true,false,false,false,false,false,2,10,1,false
956,Zeraora,0,true,false,false,false,false,false,false,120,1,4,6,-1,true,false,false,-1,false,false,false,false,1,false,false,false,false,true,false,false,false,false,false,1,20,2,true
957,Miraidon ex,0,true,false,false,false,false,false,false,220,1,4,6,-1,true,false,false,-1,true,false,true,false,2,false,false,false,false,true,false,false,false,false,false,2,120,1,false
958,Clefable,0,true,false,false,false,false,false,false,120,2,5,8,-1,false,true,false,1039,false,false,false,false,1,false,false,false,false,false,true,false,false,false,false,2,100,2,false
959,Togepi,0,true,false,false,false,false,false,false,50,1,5,8,-1,true,false,false,-1,false,false,false,false,1,false,false,false,false,false,true,false,false,false,false,1,30,2,false
960,Togetic,0,true,false,false,false,false,false,false,90,1,5,8,-1,false,true,false,959,false,false,false,false,1,false,false,false,false,false,true,false,false,false,false,1,30,2,false
961,Marill,0,true,false,false,false,false,false,false,70,1,5,8,-1,true,false,false,-1,false,false,false,false,1,false,false,false,false,false,true,false,false,false,false,2,20,1,false
962,Azumarill ex,0,true,false,false,false,false,false,false,270,2,5,8,-1,false,true,false,961,true,false,false,false,2,false,false,false,false,false,true,false,false,false,false,1,60,3,true
963,Shuppet,0,true,false,false,false,false,false,false,60,1,5,7,6,true,false,false,-1,false,false,false,false,1,false,false,false,false,false,true,false,false,false,false,1,20,1,false
964,Beheeyem,0,true,false,false,false,false,false,false,100,1,5,7,6,false,true,false,521,false,false,false,false,1,false,false,false,false,false,true,false,false,false,false,1,0,1,true
965,Swirlix,0,true,false,false,false,false,false,false,60,1,5,8,-1,true,false,false,-1,false,false,false,false,1,false,false,false,false,false,true,false,false,false,false,1,20,1,false
966,Slurpuff,0,true,false,false,false,false,false,false,120,2,5,8,-1,false,true,false,965,false,false,false,false,1,false,false,false,false,false,true,false,false,false,false,2,70,1,false
967,Fidough,0,true,false,false,false,false,false,false,60,2,5,8,-1,true,false,false,-1,false,false,false,false,1,false,false,false,false,false,true,false,false,false,false,2,10,1,false
968,Dachsbun ex,0,true,false,false,false,false,false,false,250,2,5,8,-1,false,true,false,967,true,false,false,false,2,false,false,false,false,false,true,false,false,false,false,1,130,2,false
969,Scream Tail ex,0,true,false,false,false,false,false,false,190,1,5,7,6,true,false,false,-1,true,false,false,false,2,false,false,false,false,false,true,false,false,false,false,2,120,1,false
970,Fezandipiti,0,true,false,false,false,false,false,false,120,1,5,8,-1,true,false,false,-1,false,false,false,false,1,false,false,false,false,false,true,false,false,false,false,1,0,1,true
971,Iron Boulder,0,true,false,false,false,false,false,false,140,3,5,7,6,true,false,false,-1,false,false,false,false,1,false,false,false,false,false,true,false,false,false,false,1,170,2,false
972,Hitmontop,0,true,false,false,false,false,false,false,100,1,6,5,-1,true,false,false,-1,false,false,false,false,1,false,false,false,false,false,false,true,false,false,false,2,50,1,false
973,Groudon,0,true,false,false,false,false,false,false,140,3,6,1,-1,true,false,false,-1,false,false,false,false,1,false,false,false,false,false,false,true,false,false,false,2,150,3,false
974,Riolu,0,true,false,false,false,false,false,false,70,1,6,5,-1,true,false,false,-1,false,false,false,false,1,false,false,false,false,false,false,true,false,false,false,1,30,2,false
975,Stunfisk ex,0,true,false,false,false,false,false,false,210,2,6,1,-1,true,false,false,-1,true,false,false,false,2,false,false,false,false,false,false,true,false,false,false,2,100,1,false
976,Carbink,0,true,false,false,false,false,false,false,90,1,6,1,-1,true,false,false,-1,false,false,false,false,1,false,false,false,false,false,false,true,false,false,false,1,70,3,false
977,Crabrawler,0,true,false,false,false,false,false,false,90,3,6,5,-1,true,false,false,-1,false,false,false,false,1,false,false,false,false,false,false,true,false,false,false,2,50,2,false
978,Passimian,0,true,false,false,false,false,false,false,110,1,6,5,-1,true,false,false,-1,false,false,false,false,1,false,false,false,false,false,false,true,false,false,false,1,0,2,true
979,Koraidon ex,0,true,false,false,false,false,false,false,230,2,6,5,-1,true,false,false,-1,true,false,true,false,2,false,false,false,false,false,false,true,false,false,false,2,200,2,false
980,Venipede,0,true,false,false,false,false,false,false,80,3,7,6,-1,true,false,false,-1,false,false,false,false,1,false,false,false,false,false,false,false,true,false,false,2,40,1,false
981,Whirlipede,0,true,false,false,false,false,false,false,100,3,7,6,-1,false,true,false,980,false,false,false,false,1,false,false,false,false,false,false,false,true,false,false,2,60,1,false
982,Scolipede,0,true,false,false,false,false,false,false,170,3,7,6,-1,false,false,true,981,false,false,false,false,1,false,false,false,false,false,false,false,true,false,false,2,160,2,false
983,Vullaby,0,true,false,false,false,false,false,false,70,1,7,4,6,true,false,false,-1,false,false,false,false,1,false,false,false,false,false,false,false,true,false,false,1,20,2,false
984,Mandibuzz ex,0,true,false,false,false,false,false,false,260,1,7,4,6,false,true,false,983,true,false,false,false,2,false,false,false,false,false,false,false,true,false,false,2,160,2,false
985,Hoopa,0,true,false,false,false,false,false,false,120,2,7,1,-1,true,false,false,-1,false,false,false,false,1,false,false,false,false,false,false,false,true,false,false,2,130,1,false
986,Brute Bonnet,0,true,false,false,false,false,false,false,120,3,7,1,-1,true,false,false,-1,false,false,false,false,1,false,false,false,false,false,false,false,true,false,false,2,50,1,true
987,Mawile,0,true,false,false,false,false,false,false,90,1,8,2,1,true,false,false,-1,false,false,false,false,1,false,false,false,false,false,false,false,false,true,false,2,90,1,false
988,Registeel ex,0,true,false,false,false,false,false,false,230,3,8,2,1,true,false,false,-1,true,false,false,false,2,false,false,false,false,false,false,false,false,true,false,2,140,1,false
989,Bronzor,0,true,false,false,false,false,false,false,60,1,8,2,1,true,false,false,-1,false,false,false,false,1,false,false,false,false,false,false,false,false,true,false,1,20,2,false
990,Togedemaru ex,0,true,false,false,false,false,false,false,190,1,8,2,1,true,false,false,-1,true,false,false,false,2,false,false,false,false,false,false,false,false,true,false,2,80,1,false
991,Melmetal,0,true,false,false,false,false,false,false,160,4,8,2,1,false,true,false,168,false,false,false,false,1,false,false,false,false,false,false,false,false,true,false,2,230,3,false
992,Duraludon,0,true,false,false,false,false,false,false,130,2,8,2,1,true,false,false,-1,false,false,false,false,1,false,false,false,false,false,false,false,false,true,false,2,130,2,false
993,Orthworm ex,0,true,false,false,false,false,false,false,220,4,8,2,1,true,false,false,-1,true,false,false,false,2,false,false,false,false,false,false,false,false,true,false,1,150,4,false
994,Fraxure,0,true,false,false,false,false,false,false,100,2,9,-1,-1,false,true,false,548,false,false,false,false,1,false,false,false,false,false,false,false,false,false,true,1,80,2,false
995,Haxorus,0,true,false,false,false,false,false,false,170,2,9,-1,-1,false,false,true,994,false,false,false,false,1,false,false,false,false,false,false,false,false,false,true,2,230,1,false
996,Larry's Dunsparce,0,true,false,false,false,false,false,false,70,0,0,6,-1,true,false,false,-1,false,false,false,false,1,true,false,false,false,false,false,false,false,false,false,1,10,1,false
997,Larry's Dudunsparce ex,0,true,false,false,false,false,false,false,270,3,0,6,-1,false,true,false,996,true,false,false,false,2,true,false,false,false,false,false,false,false,false,false,1,0,3,true
998,Slakoth,0,true,false,false,false,false,false,false,60,2,0,6,-1,true,false,false,-1,false,false,false,false,1,true,false,false,false,false,false,false,false,false,false,1,0,1,false
999,Vigoroth,0,true,false,false,false,false,false,false,90,2,0,6,-1,false,true,false,998,false,false,false,false,1,true,false,false,false,false,false,false,false,false,false,1,50,2,false
1000,Skitty,0,true,false,false,false,false,false,false,60,1,0,6,-1,true,false,false,-1,false,false,false,false,1,true,false,false,false,false,false,false,false,false,false,1,20,1,false
1001,Delcatty,0,true,false,false,false,false,false,false,100,1,0,6,-1,false,true,false,1000,false,false,false,false,1,true,false,false,false,false,false,false,false,false,false,2,40,1,true
1002,Zangoose ex,0,true,false,false,false,false,false,false,200,1,0,6,-1,true,false,false,-1,true,false,false,false,2,true,false,false,false,false,false,false,false,false,false,2,180,1,false
1003,Larry's Starly,0,true,false,false,false,false,false,false,60,1,0,4,6,true,false,false,-1,false,false,false,false,1,true,false,false,false,false,false,false,false,false,false,2,10,1,false
1004,Larry's Staravia,0,true,false,false,false,false,false,false,90,1,0,4,6,false,true,false,1003,false,false,false,false,1,true,false,false,false,false,false,false,false,false,false,2,50,1,false
1005,Larry's Staraptor,0,true,false,false,false,false,false,false,150,1,0,4,6,false,false,true,1004,false,false,false,false,1,true,false,false,false,false,false,false,false,false,false,2,150,1,false
1006,Mega Audino ex,0,true,false,false,false,false,false,false,270,1,0,6,-1,true,false,false,-1,false,true,false,false,3,true,false,false,false,false,false,false,false,false,false,2,20,1,true
1007,Larry's Rufflet,0,true,false,false,false,false,false,false,70,1,0,4,6,true,false,false,-1,false,false,false,false,1,true,false,false,false,false,false,false,false,false,false,1,20,2,false
1008,Larry's Braviary,0,true,false,false,false,false,false,false,130,1,0,4,6,false,true,false,1007,false,false,false,false,1,true,false,false,false,false,false,false,false,false,false,2,120,2,false
1009,Larry's Komala,0,true,false,false,false,false,false,false,90,2,0,6,-1,true,false,false,-1,false,false,false,false,1,true,false,false,false,false,false,false,false,false,false,1,0,1,false
1010,Drampa,0,true,false,false,false,false,false,false,130,2,0,6,-1,true,false,false,-1,false,false,false,false,1,true,false,false,false,false,false,false,false,false,false,2,120,2,false
1011,Spinarak,0,true,false,false,false,false,false,false,60,1,1,2,-1,true,false,false,-1,false,false,false,false,1,false,true,false,false,false,false,false,false,false,false,1,10,1,false
1012,Ariados,0,true,false,false,false,false,false,false,110,1,1,2,-1,false,true,false,1011,false,false,false,false,1,false,true,false,false,false,false,false,false,false,false,1,50,1,false
1013,Shaymin,0,true,false,false,false,false,false,false,70,0,1,2,-1,true,false,false,-1,false,false,false,false,1,false,true,false,false,false,false,false,false,false,false,2,30,1,false
1014,Snivy,0,true,false,false,false,false,false,false,70,1,1,2,-1,true,false,false,-1,false,false,false,false,1,false,true,false,false,false,false,false,false,false,false,1,30,1,false
1015,Servine,0,true,false,false,false,false,false,false,100,1,1,2,-1,false,true,false,1014,false,false,false,false,1,false,true,false,false,false,false,false,false,false,false,1,40,1,false
1016,Serperior,0,true,false,false,false,false,false,false,160,2,1,2,-1,false,false,true,1015,false,false,false,false,1,false,true,false,false,false,false,false,false,false,false,2,100,1,true
1017,Scatterbug,0,true,false,false,false,false,false,false,40,1,1,2,-1,true,false,false,-1,false,false,false,false,1,false,true,false,false,false,false,false,false,false,false,1,20,1,false
1018,Spewpa,0,true,false,false,false,false,false,false,80,3,1,2,-1,false,true,false,1017,false,false,false,false,1,false,true,false,false,false,false,false,false,false,false,1,0,1,false
1019,Vivillon,0,true,false,false,false,false,false,false,120,1,1,2,-1,false,false,true,1018,false,false,false,false,1,false,true,false,false,false,false,false,false,false,false,1,60,1,false
1020,Rowlet,0,true,false,false,false,false,false,false,80,2,1,2,-1,true,false,false,-1,false,false,false,false,1,false,true,false,false,false,false,false,false,false,false,2,30,1,false
1021,Dartrix,0,true,false,false,false,false,false,false,100,2,1,2,-1,false,true,false,1020,false,false,false,false,1,false,true,false,false,false,false,false,false,false,false,2,20,1,false
1022,Decidueye ex,0,true,false,false,false,false,false,false,320,2,1,2,-1,false,false,true,1021,true,false,false,false,2,false,true,false,false,false,false,false,false,false,false,1,240,4,false
1023,Fletchinder,0,true,false,false,false,false,false,false,90,1,2,4,6,false,true,false,1075,false,false,false,false,1,false,false,true,false,false,false,false,false,false,false,1,60,2,false
1024,Talonflame,0,true,false,false,false,false,false,false,150,1,2,4,6,false,false,true,1023,false,false,false,false,1,false,false,true,false,false,false,false,false,false,false,1,110,2,false
1025,Salandit,0,true,false,false,false,false,false,false,70,1,2,3,-1,true,false,false,-1,false,false,false,false,1,false,false,true,false,false,false,false,false,false,false,1,20,1,false
1026,Salazzle ex,0,true,false,false,false,false,false,false,260,1,2,3,-1,false,true,false,1025,true,false,false,false,2,false,false,true,false,false,false,false,false,false,false,2,100,1,false
1027,Turtonator,0,true,false,false,false,false,false,false,120,2,2,3,-1,true,false,false,-1,false,false,false,false,1,false,false,true,false,false,false,false,false,false,false,1,80,3,false
1028,Seel,0,true,false,false,false,false,false,false,80,2,3,4,-1,true,false,false,-1,false,false,false,false,1,false,false,false,true,false,false,false,false,false,false,2,30,1,false
1029,Dewgong,0,true,false,false,false,false,false,false,130,2,3,4,-1,false,true,false,1028,false,false,false,false,1,false,false,false,true,false,false,false,false,false,false,1,60,2,false
1030,Staryu,0,true,false,false,false,false,false,false,70,1,3,4,-1,true,false,false,-1,false,false,false,false,1,false,false,false,true,false,false,false,false,false,false,1,20,1,false
1031,Mega Starmie ex,0,true,false,false,false,false,false,false,330,2,3,4,-1,false,true,false,1030,false,true,false,false,3,false,false,false,true,false,false,false,false,false,false,2,210,1,false
1032,Amaura,0,true,false,false,false,false,false,false,100,3,3,8,-1,false,true,false,1151,false,false,false,false,1,false,false,false,true,false,false,false,false,false,false,1,50,2,false
1033,Aurorus,0,true,false,false,false,false,false,false,170,3,3,8,-1,false,false,true,1032,false,false,false,false,1,false,false,false,true,false,false,false,false,false,false,1,150,3,false
1034,Volcanion,0,true,false,false,false,false,false,false,130,3,3,4,-1,true,false,false,-1,false,false,false,false,1,false,false,false,true,false,false,false,false,false,false,2,50,2,true
1035,Shinx,0,true,false,false,false,false,false,false,70,1,4,6,-1,true,false,false,-1,false,false,false,false,1,false,false,false,false,true,false,false,false,false,false,1,0,1,true
1036,Luxio,0,true,false,false,false,false,false,false,90,1,4,6,-1,false,true,false,1035,false,false,false,false,1,false,false,false,false,true,false,false,false,false,false,1,40,2,false
1037,Luxray,0,true,false,false,false,false,false,false,150,0,4,6,-1,false,false,true,1036,false,false,false,false,1,false,false,false,false,true,false,false,false,false,false,2,200,2,true
1038,Dedenne,0,true,false,false,false,false,false,false,70,1,4,6,-1,true,false,false,-1,false,false,false,false,1,false,false,false,false,true,false,false,false,false,false,2,30,1,false
1039,Clefairy,0,true,false,false,false,false,false,false,70,1,5,8,-1,true,false,false,-1,false,false,false,false,1,false,false,false,false,false,true,false,false,false,false,2,30,1,false
1040,Mega Clefable ex,0,true,false,false,false,false,false,false,320,1,5,8,-1,false,true,false,1039,false,true,false,false,3,false,false,false,false,false,true,false,false,false,false,1,120,2,true
1041,Mawile,0,true,false,false,false,false,false,false,110,2,5,8,-1,true,false,false,-1,false,false,false,false,1,false,false,false,false,false,true,false,false,false,false,1,0,2,true
1042,Espurr,0,true,false,false,false,false,false,false,60,1,5,7,6,true,false,false,-1,false,false,false,false,1,false,false,false,false,false,true,false,false,false,false,2,10,1,false
1043,Meowstic,0,true,false,false,false,false,false,false,100,1,5,7,6,false,true,false,1042,false,false,false,false,1,false,false,false,false,false,true,false,false,false,false,2,30,1,true
1044,Spritzee,0,true,false,false,false,false,false,false,70,1,5,8,-1,true,false,false,-1,false,false,false,false,1,false,false,false,false,false,true,false,false,false,false,2,10,1,false
1045,Aromatisse,0,true,false,false,false,false,false,false,120,1,5,8,-1,false,true,false,1044,false,false,false,false,1,false,false,false,false,false,true,false,false,false,false,1,50,2,false
1046,Nosepass,0,true,false,false,false,false,false,false,90,3,6,1,-1,true,false,false,-1,false,false,false,false,1,false,false,false,false,false,false,true,false,false,false,1,40,2,false
1047,Probopass,0,true,false,false,false,false,false,false,140,3,6,1,-1,false,true,false,1046,false,false,false,false,1,false,false,false,false,false,false,true,false,false,false,2,260,2,false
1048,Hippopotas,0,true,false,false,false,false,false,false,100,4,6,1,-1,true,false,false,-1,false,false,false,false,1,false,false,false,false,false,false,true,false,false,false,2,60,1,false
1049,Hippowdon,0,true,false,false,false,false,false,false,150,4,6,1,-1,false,true,false,1048,false,false,false,false,1,false,false,false,false,false,false,true,false,false,false,2,130,3,false
1050,Landorus,0,true,false,false,false,false,false,false,120,1,6,1,-1,true,false,false,-1,false,false,false,false,1,false,false,false,false,false,false,true,false,false,false,2,120,2,false
1051,Binacle,0,true,false,false,false,false,false,false,80,2,6,1,-1,true,false,false,-1,false,false,false,false,1,false,false,false,false,false,false,true,false,false,false,2,30,1,false
1052,Barbaracle,0,true,false,false,false,false,false,false,130,2,6,1,-1,false,true,false,1051,false,false,false,false,1,false,false,false,false,false,false,true,false,false,false,1,80,3,false
1053,Tyrunt,0,true,false,false,false,false,false,false,100,3,6,1,-1,false,true,false,1150,false,false,false,false,1,false,false,false,false,false,false,true,false,false,false,1,0,2,true
1054,Tyrantrum,0,true,false,false,false,false,false,false,180,3,6,1,-1,false,false,true,1053,false,false,false,false,1,false,false,false,false,false,false,true,false,false,false,1,160,2,true
1055,Hawlucha,0,true,false,false,false,false,false,false,70,0,6,5,-1,true,false,false,-1,false,false,false,false,1,false,false,false,false,false,false,true,false,false,false,1,30,1,false
1056,Mega Zygarde ex,0,true,false,false,false,false,false,false,310,2,6,1,-1,true,false,false,-1,false,true,false,false,3,false,false,false,false,false,false,true,false,false,false,2,200,3,true
1057,Gastly,0,true,false,false,false,false,false,false,70,1,7,6,-1,true,false,false,-1,false,false,false,false,1,false,false,false,false,false,false,false,true,false,false,1,30,1,false
1058,Haunter,0,true,false,false,false,false,false,false,100,1,7,6,-1,false,true,false,1057,false,false,false,false,1,false,false,false,false,false,false,false,true,false,false,1,0,1,false
1059,Gengar,0,true,false,false,false,false,false,false,130,1,7,6,-1,false,false,true,1058,false,false,false,false,1,false,false,false,false,false,false,false,true,false,false,1,10,1,true
1060,Skorupi,0,true,false,false,false,false,false,false,80,2,7,6,-1,true,false,false,-1,false,false,false,false,1,false,false,false,false,false,false,false,true,false,false,1,20,2,false
1061,Drapion,0,true,false,false,false,false,false,false,140,3,7,6,-1,false,true,false,1060,false,false,false,false,1,false,false,false,false,false,false,false,true,false,false,2,100,2,false
1062,Yveltal ex,0,true,false,false,false,false,false,false,210,1,7,4,6,true,false,false,-1,true,false,false,false,2,false,false,false,false,false,false,false,true,false,false,2,210,3,false
1063,Chien-Pao,0,true,false,false,false,false,false,false,120,1,7,1,-1,true,false,false,-1,false,false,false,false,1,false,false,false,false,false,false,false,true,false,false,2,80,1,false
1064,Mega Skarmory ex,0,true,false,false,false,false,false,false,260,0,8,4,6,true,false,false,-1,false,true,false,false,3,false,false,false,false,false,false,false,false,true,false,1,0,3,false
1065,Honedge,0,true,false,false,false,false,false,false,70,2,8,2,1,true,false,false,-1,false,false,false,false,1,false,false,false,false,false,false,false,false,true,false,1,10,1,false
1066,Doublade,0,true,false,false,false,false,false,false,100,2,8,2,1,false,true,false,1065,false,false,false,false,1,false,false,false,false,false,false,false,false,true,false,1,0,2,true
1067,Aegislash,0,true,false,false,false,false,false,false,150,3,8,2,1,false,false,true,1066,false,false,false,false,1,false,false,false,false,false,false,false,false,true,false,2,230,3,false
1068,Klefki,0,true,false,false,false,false,false,false,70,1,8,2,1,true,false,false,-1,false,false,false,false,1,false,false,false,false,false,false,false,false,true,false,1,30,1,false
1069,Rattata,0,true,false,false,false,false,false,false,40,1,0,6,-1,true,false,false,-1,false,false,false,false,1,true,false,false,false,false,false,false,false,false,false,1,30,1,false
1070,Raticate,0,true,false,false,false,false,false,false,90,1,0,6,-1,false,true,false,1069,false,false,false,false,1,true,false,false,false,false,false,false,false,false,false,2,20,1,true
1071,Meowth ex,0,true,false,false,false,false,false,false,170,1,0,6,-1,true,false,false,-1,true,false,false,false,2,true,false,false,false,false,false,false,false,false,false,1,60,3,false
1072,Snorlax,0,true,false,false,false,false,false,false,160,4,0,6,-1,true,false,false,-1,false,false,false,false,1,true,false,false,false,false,false,false,false,false,false,2,160,1,false
1073,Bunnelby,0,true,false,false,false,false,false,false,70,1,0,6,-1,true,false,false,-1,false,false,false,false,1,true,false,false,false,false,false,false,false,false,false,1,10,1,false
1074,Diggersby,0,true,false,false,false,false,false,false,150,4,0,6,-1,false,true,false,1073,false,false,false,false,1,true,false,false,false,false,false,false,false,false,false,2,140,1,false
1075,Fletchling,0,true,false,false,false,false,false,false,60,1,0,4,6,true,false,false,-1,false,false,false,false,1,true,false,false,false,false,false,false,false,false,false,2,20,1,false
1076,Furfrou,0,true,false,false,false,false,false,false,90,1,0,6,-1,true,false,false,-1,false,false,false,false,1,true,false,false,false,false,false,false,false,false,false,2,30,1,false
1077,Roto-Stick,1,false,true,false,false,false,false,false,0,0,0,-1,-1,false,false,false,-1,false,false,false,false,0,false,false,false,false,false,false,false,false,false,false,0,0,0,false
1078,Hole-Digging Shovel,1,false,true,false,false,false,false,false,0,0,0,-1,-1,false,false,false,-1,false,false,false,false,0,false,false,false,false,false,false,false,false,false,false,0,0,0,false
1079,Rare Candy,1,false,true,false,false,false,false,false,0,0,0,-1,-1,false,false,false,-1,false,false,false,false,0,false,false,false,false,false,false,false,false,false,false,0,0,0,false
1080,Unfair Stamp,1,false,true,false,false,false,false,false,0,0,0,-1,-1,false,false,false,-1,false,false,false,true,0,false,false,false,false,false,false,false,false,false,false,0,0,0,false
1081,Enhanced Hammer,1,false,true,false,false,false,false,false,0,0,0,-1,-1,false,false,false,-1,false,false,false,false,0,false,false,false,false,false,false,false,false,false,false,0,0,0,false
1082,Hyper Aroma,1,false,true,false,false,false,false,false,0,0,0,-1,-1,false,false,false,-1,false,false,false,true,0,false,false,false,false,false,false,false,false,false,false,0,0,0,false
1083,Love Ball,1,false,true,false,false,false,false,false,0,0,0,-1,-1,false,false,false,-1,false,false,false,false,0,false,false,false,false,false,false,false,false,false,false,0,0,0,false
1084,Boxed Order,1,false,true,false,false,false,false,false,0,0,0,-1,-1,false,false,false,-1,false,false,false,false,0,false,false,false,false,false,false,false,false,false,false,0,0,0,false
1085,Awakening Drum,1,false,true,false,false,false,false,false,0,0,0,-1,-1,false,false,false,-1,false,false,false,true,0,false,false,false,false,false,false,false,false,false,false,0,0,0,false
1086,Buddy-Buddy Poffin,1,false,true,false,false,false,false,false,0,0,0,-1,-1,false,false,false,-1,false,false,false,false,0,false,false,false,false,false,false,false,false,false,false,0,0,0,false
1087,Hand Trimmer,1,false,true,false,false,false,false,false,0,0,0,-1,-1,false,false,false,-1,false,false,false,false,0,false,false,false,false,false,false,false,false,false,false,0,0,0,false
1088,Prime Catcher,1,false,true,false,false,false,false,false,0,0,0,-1,-1,false,false,false,-1,false,false,false,true,0,false,false,false,false,false,false,false,false,false,false,0,0,0,false
1089,Reboot Pod,1,false,true,false,false,false,false,false,0,0,0,-1,-1,false,false,false,-1,false,false,false,true,0,false,false,false,false,false,false,false,false,false,false,0,0,0,false
1090,Ogre’s Mask,1,false,true,false,false,false,false,false,0,0,0,-1,-1,false,false,false,-1,false,false,false,false,0,false,false,false,false,false,false,false,false,false,false,0,0,0,false
1091,Accompanying Flute,1,false,true,false,false,false,false,false,0,0,0,-1,-1,false,false,false,-1,false,false,false,false,0,false,false,false,false,false,false,false,false,false,false,0,0,0,false
1092,Secret Box,1,false,true,false,false,false,false,false,0,0,0,-1,-1,false,false,false,-1,false,false,false,true,0,false,false,false,false,false,false,false,false,false,false,0,0,0,false
1093,Scoop Up Cyclone,1,false,true,false,false,false,false,false,0,0,0,-1,-1,false,false,false,-1,false,false,false,true,0,false,false,false,false,false,false,false,false,false,false,0,0,0,false
1094,Bug Catching Set,1,false,true,false,false,false,false,false,0,0,0,-1,-1,false,false,false,-1,false,false,false,false,0,false,false,false,false,false,false,false,false,false,false,0,0,0,false
1095,Dangerous Laser,1,false,true,false,false,false,false,false,0,0,0,-1,-1,false,false,false,-1,false,false,false,true,0,false,false,false,false,false,false,false,false,false,false,0,0,0,false
1096,Poké Vital A,1,false,true,false,false,false,false,false,0,0,0,-1,-1,false,false,false,-1,false,false,false,true,0,false,false,false,false,false,false,false,false,false,false,0,0,0,false
1097,Night Stretcher,1,false,true,false,false,false,false,false,0,0,0,-1,-1,false,false,false,-1,false,false,false,false,0,false,false,false,false,false,false,false,false,false,false,0,0,0,false
1098,Glass Trumpet,1,false,true,false,false,false,false,false,0,0,0,-1,-1,false,false,false,-1,false,false,false,false,0,false,false,false,false,false,false,false,false,false,false,0,0,0,false
1099,Antique Root Fossil,1,false,true,false,false,false,false,false,60,0,0,-1,-1,true,false,false,-1,false,false,false,false,0,false,false,false,false,false,false,false,false,false,false,0,0,0,false
1100,Energy Search Pro,1,false,true,false,false,false,false,false,0,0,0,-1,-1,false,false,false,-1,false,false,false,true,0,false,false,false,false,false,false,false,false,false,false,0,0,0,false
1101,Call Bell,1,false,true,false,false,false,false,false,0,0,0,-1,-1,false,false,false,-1,false,false,false,false,0,false,false,false,false,false,false,false,false,false,false,0,0,0,false
1102,Dusk Ball,1,false,true,false,false,false,false,false,0,0,0,-1,-1,false,false,false,-1,false,false,false,false,0,false,false,false,false,false,false,false,false,false,false,0,0,0,false
1103,Meddling Memo,1,false,true,false,false,false,false,false,0,0,0,-1,-1,false,false,false,-1,false,false,false,false,0,false,false,false,false,false,false,false,false,false,false,0,0,0,false
1104,Megaton Blower,1,false,true,false,false,false,false,false,0,0,0,-1,-1,false,false,false,-1,false,false,false,true,0,false,false,false,false,false,false,false,false,false,false,0,0,0,false
1105,Dragon Elixir,1,false,true,false,false,false,false,false,0,0,0,-1,-1,false,false,false,-1,false,false,false,false,0,false,false,false,false,false,false,false,false,false,false,0,0,0,false
1106,Deduction Kit,1,false,true,false,false,false,false,false,0,0,0,-1,-1,false,false,false,-1,false,false,false,false,0,false,false,false,false,false,false,false,false,false,false,0,0,0,false
1107,Scramble Switch,1,false,true,false,false,false,false,false,0,0,0,-1,-1,false,false,false,-1,false,false,false,true,0,false,false,false,false,false,false,false,false,false,false,0,0,0,false
1108,Chill Teaser Toy,1,false,true,false,false,false,false,false,0,0,0,-1,-1,false,false,false,-1,false,false,false,false,0,false,false,false,false,false,false,false,false,false,false,0,0,0,false
1109,Miracle Headset,1,false,true,false,false,false,false,false,0,0,0,-1,-1,false,false,false,-1,false,false,false,true,0,false,false,false,false,false,false,false,false,false,false,0,0,0,false
1110,Max Rod,1,false,true,false,false,false,false,false,0,0,0,-1,-1,false,false,false,-1,false,false,false,true,0,false,false,false,false,false,false,false,false,false,false,0,0,0,false
1111,Treasure Tracker,1,false,true,false,false,false,false,false,0,0,0,-1,-1,false,false,false,-1,false,false,false,true,0,false,false,false,false,false,false,false,false,false,false,0,0,0,false
1112,Super Potion,1,false,true,false,false,false,false,false,0,0,0,-1,-1,false,false,false,-1,false,false,false,false,0,false,false,false,false,false,false,false,false,false,false,0,0,0,false
1113,N’s PP Up,1,false,true,false,false,false,false,false,0,0,0,-1,-1,false,false,false,-1,false,false,false,false,0,false,false,false,false,false,false,false,false,false,false,0,0,0,false
1114,Redeemable Ticket,1,false,true,false,false,false,false,false,0,0,0,-1,-1,false,false,false,-1,false,false,false,false,0,false,false,false,false,false,false,false,false,false,false,0,0,0,false
1115,Hop’s Bag,1,false,true,false,false,false,false,false,0,0,0,-1,-1,false,false,false,-1,false,false,false,false,0,false,false,false,false,false,false,false,false,false,false,0,0,0,false
1116,Energy Switch,1,false,true,false,false,false,false,false,0,0,0,-1,-1,false,false,false,-1,false,false,false,false,0,false,false,false,false,false,false,false,false,false,false,0,0,0,false
1117,Potion,1,false,true,false,false,false,false,false,0,0,0,-1,-1,false,false,false,-1,false,false,false,false,0,false,false,false,false,false,false,false,false,false,false,0,0,0,false
1118,Energy Retrieval,1,false,true,false,false,false,false,false,0,0,0,-1,-1,false,false,false,-1,false,false,false,false,0,false,false,false,false,false,false,false,false,false,false,0,0,0,false
1119,Energy Search,1,false,true,false,false,false,false,false,0,0,0,-1,-1,false,false,false,-1,false,false,false,false,0,false,false,false,false,false,false,false,false,false,false,0,0,0,false
1120,Crushing Hammer,1,false,true,false,false,false,false,false,0,0,0,-1,-1,false,false,false,-1,false,false,false,false,0,false,false,false,false,false,false,false,false,false,false,0,0,0,false
1121,Ultra Ball,1,false,true,false,false,false,false,false,0,0,0,-1,-1,false,false,false,-1,false,false,false,false,0,false,false,false,false,false,false,false,false,false,false,0,0,0,false
1122,Pokégear 3.0,1,false,true,false,false,false,false,false,0,0,0,-1,-1,false,false,false,-1,false,false,false,false,0,false,false,false,false,false,false,false,false,false,false,0,0,0,false
1123,Switch,1,false,true,false,false,false,false,false,0,0,0,-1,-1,false,false,false,-1,false,false,false,false,0,false,false,false,false,false,false,false,false,false,false,0,0,0,false
1124,Pokémon Catcher,1,false,true,false,false,false,false,false,0,0,0,-1,-1,false,false,false,-1,false,false,false,false,0,false,false,false,false,false,false,false,false,false,false,0,0,0,false
1125,Master Ball,1,false,true,false,false,false,false,false,0,0,0,-1,-1,false,false,false,-1,false,false,false,true,0,false,false,false,false,false,false,false,false,false,false,0,0,0,false
1126,Precious Trolley,1,false,true,false,false,false,false,false,0,0,0,-1,-1,false,false,false,-1,false,false,false,true,0,false,false,false,false,false,false,false,false,false,false,0,0,0,false
1127,Tera Orb,1,false,true,false,false,false,false,false,0,0,0,-1,-1,false,false,false,-1,false,false,false,false,0,false,false,false,false,false,false,false,false,false,false,0,0,0,false
1128,Brilliant Blender,1,false,true,false,false,false,false,false,0,0,0,-1,-1,false,false,false,-1,false,false,false,true,0,false,false,false,false,false,false,false,false,false,false,0,0,0,false
1129,Sacred Ash,1,false,true,false,false,false,false,false,0,0,0,-1,-1,false,false,false,-1,false,false,false,false,0,false,false,false,false,false,false,false,false,false,false,0,0,0,false
1130,Arven's Sandwich,1,false,true,false,false,false,false,false,0,0,0,-1,-1,false,false,false,-1,false,false,false,false,0,false,false,false,false,false,false,false,false,false,false,0,0,0,false
1131,Team Rocket's Bother-Bot,1,false,true,false,false,false,false,false,0,0,0,-1,-1,false,false,false,-1,false,false,false,false,0,false,false,false,false,false,false,false,false,false,false,0,0,0,false
1132,Team Rocket's Great Ball,1,false,true,false,false,false,false,false,0,0,0,-1,-1,false,false,false,-1,false,false,false,false,0,false,false,false,false,false,false,false,false,false,false,0,0,0,false
1133,Team Rocket's Venture Bomb,1,false,true,false,false,false,false,false,0,0,0,-1,-1,false,false,false,-1,false,false,false,false,0,false,false,false,false,false,false,false,false,false,false,0,0,0,false
1134,Team Rocket's Transceiver,1,false,true,false,false,false,false,false,0,0,0,-1,-1,false,false,false,-1,false,false,false,false,0,false,false,false,false,false,false,false,false,false,false,0,0,0,false
1135,Energy Coin,1,false,true,false,false,false,false,false,0,0,0,-1,-1,false,false,false,-1,false,false,false,false,0,false,false,false,false,false,false,false,false,false,false,0,0,0,false
1136,Antique Cover Fossil,1,false,true,false,false,false,false,false,60,0,0,-1,-1,true,false,false,-1,false,false,false,false,0,false,false,false,false,false,false,false,false,false,false,0,0,0,false
1137,Tool Scrapper,1,false,true,false,false,false,false,false,0,0,0,-1,-1,false,false,false,-1,false,false,false,false,0,false,false,false,false,false,false,false,false,false,false,0,0,0,false
1138,Antique Plume Fossil,1,false,true,false,false,false,false,false,60,0,0,-1,-1,true,false,false,-1,false,false,false,false,0,false,false,false,false,false,false,false,false,false,false,0,0,0,false
1139,Energy Recycler,1,false,true,false,false,false,false,false,0,0,0,-1,-1,false,false,false,-1,false,false,false,false,0,false,false,false,false,false,false,false,false,false,false,0,0,0,false
1140,Iron Defender,1,false,true,false,false,false,false,false,0,0,0,-1,-1,false,false,false,-1,false,false,false,false,0,false,false,false,false,false,false,false,false,false,false,0,0,0,false
1141,Premium Power Pro,1,false,true,false,false,false,false,false,0,0,0,-1,-1,false,false,false,-1,false,false,false,false,0,false,false,false,false,false,false,false,false,false,false,0,0,0,false
1142,Fighting Gong,1,false,true,false,false,false,false,false,0,0,0,-1,-1,false,false,false,-1,false,false,false,false,0,false,false,false,false,false,false,false,false,false,false,0,0,0,false
1143,Repel,1,false,true,false,false,false,false,false,0,0,0,-1,-1,false,false,false,-1,false,false,false,false,0,false,false,false,false,false,false,false,false,false,false,0,0,0,false
1144,Strange Timepiece,1,false,true,false,false,false,false,false,0,0,0,-1,-1,false,false,false,-1,false,false,false,false,0,false,false,false,false,false,false,false,false,false,false,0,0,0,false
1145,Mega Signal,1,false,true,false,false,false,false,false,0,0,0,-1,-1,false,false,false,-1,false,false,false,false,0,false,false,false,false,false,false,false,false,false,false,0,0,0,false
1146,Wondrous Patch,1,false,true,false,false,false,false,false,0,0,0,-1,-1,false,false,false,-1,false,false,false,false,0,false,false,false,false,false,false,false,false,false,false,0,0,0,false
1147,Jumbo Ice Cream,1,false,true,false,false,false,false,false,0,0,0,-1,-1,false,false,false,-1,false,false,false,false,0,false,false,false,false,false,false,false,false,false,false,0,0,0,false
1148,Blowtorch,1,false,true,false,false,false,false,false,0,0,0,-1,-1,false,false,false,-1,false,false,false,false,0,false,false,false,false,false,false,false,false,false,false,0,0,0,false
1149,Energy Swatter,1,false,true,false,false,false,false,false,0,0,0,-1,-1,false,false,false,-1,false,false,false,false,0,false,false,false,false,false,false,false,false,false,false,0,0,0,false
1150,Antique Jaw Fossil,1,false,true,false,false,false,false,false,60,0,0,-1,-1,true,false,false,-1,false,false,false,false,0,false,false,false,false,false,false,false,false,false,false,0,0,0,false
1151,Antique Sail Fossil,1,false,true,false,false,false,false,false,60,0,0,-1,-1,true,false,false,-1,false,false,false,false,0,false,false,false,false,false,false,false,false,false,false,0,0,0,false
1152,Poké Pad,1,false,true,false,false,false,false,false,0,0,0,-1,-1,false,false,false,-1,false,false,false,false,0,false,false,false,false,false,false,false,false,false,false,0,0,0,false
1153,Lumiose Galette,1,false,true,false,false,false,false,false,0,0,0,-1,-1,false,false,false,-1,false,false,false,false,0,false,false,false,false,false,false,false,false,false,false,0,0,0,false
1154,Team Rocket’s Hypnotizer,2,false,false,false,false,true,false,false,0,0,0,-1,-1,false,false,false,-1,false,false,false,false,0,false,false,false,false,false,false,false,false,false,false,0,0,0,false
1155,Survival Brace,2,false,false,false,false,true,false,false,0,0,0,-1,-1,false,false,false,-1,false,false,false,true,0,false,false,false,false,false,false,false,false,false,false,0,0,0,false
1156,Lucky Helmet,2,false,false,false,false,true,false,false,0,0,0,-1,-1,false,false,false,-1,false,false,false,false,0,false,false,false,false,false,false,false,false,false,false,0,0,0,false
1157,Rescue Board,2,false,false,false,false,true,false,false,0,0,0,-1,-1,false,false,false,-1,false,false,false,false,0,false,false,false,false,false,false,false,false,false,false,0,0,0,false
1158,Maximum Belt,2,false,false,false,false,true,false,false,0,0,0,-1,-1,false,false,false,-1,false,false,false,true,0,false,false,false,false,false,false,false,false,false,false,0,0,0,false
1159,Hero’s Cape,2,false,false,false,false,true,false,false,0,0,0,-1,-1,false,false,false,-1,false,false,false,true,0,false,false,false,false,false,false,false,false,false,false,0,0,0,false
1160,Heavy Baton,2,false,false,false,false,true,false,false,0,0,0,-1,-1,false,false,false,-1,false,false,false,false,0,false,false,false,false,false,false,false,false,false,false,0,0,0,false
1161,Handheld Fan,2,false,false,false,false,true,false,false,0,0,0,-1,-1,false,false,false,-1,false,false,false,false,0,false,false,false,false,false,false,false,false,false,false,0,0,0,false
1162,Binding Mochi,2,false,false,false,false,true,false,false,0,0,0,-1,-1,false,false,false,-1,false,false,false,false,0,false,false,false,false,false,false,false,false,false,false,0,0,0,false
1163,Powerglass,2,false,false,false,false,true,false,false,0,0,0,-1,-1,false,false,false,-1,false,false,false,false,0,false,false,false,false,false,false,false,false,false,false,0,0,0,false
1164,Payapa Berry,2,false,false,false,false,true,false,false,0,0,0,-1,-1,false,false,false,-1,false,false,false,false,0,false,false,false,false,false,false,false,false,false,false,0,0,0,false
1165,Sparkling Crystal,2,false,false,false,false,true,false,false,0,0,0,-1,-1,false,false,false,-1,false,false,false,true,0,false,false,false,false,false,false,false,false,false,false,0,0,0,false
1166,Gravity Gemstone,2,false,false,false,false,true,false,false,0,0,0,-1,-1,false,false,false,-1,false,false,false,false,0,false,false,false,false,false,false,false,false,false,false,0,0,0,false
1167,Deluxe Bomb,2,false,false,false,false,true,false,false,0,0,0,-1,-1,false,false,false,-1,false,false,false,true,0,false,false,false,false,false,false,false,false,false,false,0,0,0,false
1168,Counter Gain,2,false,false,false,false,true,false,false,0,0,0,-1,-1,false,false,false,-1,false,false,false,false,0,false,false,false,false,false,false,false,false,false,false,0,0,0,false
1169,Amulet of Hope,2,false,false,false,false,true,false,false,0,0,0,-1,-1,false,false,false,-1,false,false,false,true,0,false,false,false,false,false,false,false,false,false,false,0,0,0,false
1170,Haban Berry,2,false,false,false,false,true,false,false,0,0,0,-1,-1,false,false,false,-1,false,false,false,false,0,false,false,false,false,false,false,false,false,false,false,0,0,0,false
1171,Hop’s Choice Band,2,false,false,false,false,true,false,false,0,0,0,-1,-1,false,false,false,-1,false,false,false,false,0,false,false,false,false,false,false,false,false,false,false,0,0,0,false
1172,Lillie’s Pearl,2,false,false,false,false,true,false,false,0,0,0,-1,-1,false,false,false,-1,false,false,false,false,0,false,false,false,false,false,false,false,false,false,false,0,0,0,false
1173,Cynthia's Power Weight,2,false,false,false,false,true,false,false,0,0,0,-1,-1,false,false,false,-1,false,false,false,false,0,false,false,false,false,false,false,false,false,false,false,0,0,0,false
1174,Air Balloon,2,false,false,false,false,true,false,false,0,0,0,-1,-1,false,false,false,-1,false,false,false,false,0,false,false,false,false,false,false,false,false,false,false,0,0,0,false
1175,Brave Bangle,2,false,false,false,false,true,false,false,0,0,0,-1,-1,false,false,false,-1,false,false,false,false,0,false,false,false,false,false,false,false,false,false,false,0,0,0,false
1176,Punk Helmet,2,false,false,false,false,true,false,false,0,0,0,-1,-1,false,false,false,-1,false,false,false,false,0,false,false,false,false,false,false,false,false,false,false,0,0,0,false
1177,Sacred Charm,2,false,false,false,false,true,false,false,0,0,0,-1,-1,false,false,false,-1,false,false,false,false,0,false,false,false,false,false,false,false,false,false,false,0,0,0,false
1178,Light Ball,2,false,false,false,false,true,false,false,0,0,0,-1,-1,false,false,false,-1,false,false,false,false,0,false,false,false,false,false,false,false,false,false,false,0,0,0,false
1179,Thick Scale,2,false,false,false,false,true,false,false,0,0,0,-1,-1,false,false,false,-1,false,false,false,false,0,false,false,false,false,false,false,false,false,false,false,0,0,0,false
1180,Core Memory,2,false,false,false,false,true,false,false,0,0,0,-1,-1,false,false,false,-1,false,false,false,false,0,false,false,false,false,false,false,false,false,false,false,1,350,4,false
1181,Billy & O'Nare,3,false,false,true,false,false,false,false,0,0,0,-1,-1,false,false,false,-1,false,false,false,false,0,false,false,false,false,false,false,false,false,false,false,0,0,0,false
1182,Boss’s Orders,3,false,false,true,false,false,false,false,0,0,0,-1,-1,false,false,false,-1,false,false,false,false,0,false,false,false,false,false,false,false,false,false,false,0,0,0,false
1183,Perrin,3,false,false,true,false,false,false,false,0,0,0,-1,-1,false,false,false,-1,false,false,false,false,0,false,false,false,false,false,false,false,false,false,false,0,0,0,false
1184,Lana’s Aid,3,false,false,true,false,false,false,false,0,0,0,-1,-1,false,false,false,-1,false,false,false,false,0,false,false,false,false,false,false,false,false,false,false,0,0,0,false
1185,Explorer’s Guidance,3,false,false,true,false,false,false,false,0,0,0,-1,-1,false,false,false,-1,false,false,false,false,0,false,false,false,false,false,false,false,false,false,false,0,0,0,false
1186,Eri,3,false,false,true,false,false,false,false,0,0,0,-1,-1,false,false,false,-1,false,false,false,false,0,false,false,false,false,false,false,false,false,false,false,0,0,0,false
1187,Morty’s Conviction,3,false,false,true,false,false,false,false,0,0,0,-1,-1,false,false,false,-1,false,false,false,false,0,false,false,false,false,false,false,false,false,false,false,0,0,0,false
1188,Ciphermaniac’s Codebreaking,3,false,false,true,false,false,false,false,0,0,0,-1,-1,false,false,false,-1,false,false,false,false,0,false,false,false,false,false,false,false,false,false,false,0,0,0,false
1189,Salvatore,3,false,false,true,false,false,false,false,0,0,0,-1,-1,false,false,false,-1,false,false,false,false,0,false,false,false,false,false,false,false,false,false,false,0,0,0,false
1190,Bianca’s Devotion,3,false,false,true,false,false,false,false,0,0,0,-1,-1,false,false,false,-1,false,false,false,false,0,false,false,false,false,false,false,false,false,false,false,0,0,0,false
1191,Kieran,3,false,false,true,false,false,false,false,0,0,0,-1,-1,false,false,false,-1,false,false,false,false,0,false,false,false,false,false,false,false,false,false,false,0,0,0,false
1192,Carmine,3,false,false,true,false,false,false,false,0,0,0,-1,-1,false,false,false,-1,false,false,false,false,0,false,false,false,false,false,false,false,false,false,false,0,0,0,false
1193,Hassel,3,false,false,true,false,false,false,false,0,0,0,-1,-1,false,false,false,-1,false,false,false,false,0,false,false,false,false,false,false,false,false,false,false,0,0,0,false
1194,Colress’s Tenacity,3,false,false,true,false,false,false,false,0,0,0,-1,-1,false,false,false,-1,false,false,false,false,0,false,false,false,false,false,false,false,false,false,false,0,0,0,false
1195,Janine’s Secret Art,3,false,false,true,false,false,false,false,0,0,0,-1,-1,false,false,false,-1,false,false,false,false,0,false,false,false,false,false,false,false,false,false,false,0,0,0,false
1196,Cassiopeia,3,false,false,true,false,false,false,false,0,0,0,-1,-1,false,false,false,-1,false,false,false,false,0,false,false,false,false,false,false,false,false,false,false,0,0,0,false
1197,Xerosic’s Machinations,3,false,false,true,false,false,false,false,0,0,0,-1,-1,false,false,false,-1,false,false,false,false,0,false,false,false,false,false,false,false,false,false,false,0,0,0,false
1198,Crispin,3,false,false,true,false,false,false,false,0,0,0,-1,-1,false,false,false,-1,false,false,false,false,0,false,false,false,false,false,false,false,false,false,false,0,0,0,false
1199,Lacey,3,false,false,true,false,false,false,false,0,0,0,-1,-1,false,false,false,-1,false,false,false,false,0,false,false,false,false,false,false,false,false,false,false,0,0,0,false
1200,Kofu,3,false,false,true,false,false,false,false,0,0,0,-1,-1,false,false,false,-1,false,false,false,false,0,false,false,false,false,false,false,false,false,false,false,0,0,0,false
1201,Briar,3,false,false,true,false,false,false,false,0,0,0,-1,-1,false,false,false,-1,false,false,false,false,0,false,false,false,false,false,false,false,false,false,false,0,0,0,false
1202,Drayton,3,false,false,true,false,false,false,false,0,0,0,-1,-1,false,false,false,-1,false,false,false,false,0,false,false,false,false,false,false,false,false,false,false,0,0,0,false
1203,Surfer,3,false,false,true,false,false,false,false,0,0,0,-1,-1,false,false,false,-1,false,false,false,false,0,false,false,false,false,false,false,false,false,false,false,0,0,0,false
1204,Lisia’s Appeal,3,false,false,true,false,false,false,false,0,0,0,-1,-1,false,false,false,-1,false,false,false,false,0,false,false,false,false,false,false,false,false,false,false,0,0,0,false
1205,Cyrano,3,false,false,true,false,false,false,false,0,0,0,-1,-1,false,false,false,-1,false,false,false,false,0,false,false,false,false,false,false,false,false,false,false,0,0,0,false
1206,Larry’s Skill,3,false,false,true,false,false,false,false,0,0,0,-1,-1,false,false,false,-1,false,false,false,false,0,false,false,false,false,false,false,false,false,false,false,0,0,0,false
1207,Amarys,3,false,false,true,false,false,false,false,0,0,0,-1,-1,false,false,false,-1,false,false,false,false,0,false,false,false,false,false,false,false,false,false,false,0,0,0,false
1208,Iris’s Fighting Spirit,3,false,false,true,false,false,false,false,0,0,0,-1,-1,false,false,false,-1,false,false,false,false,0,false,false,false,false,false,false,false,false,false,false,0,0,0,false
1209,Ruffian,3,false,false,true,false,false,false,false,0,0,0,-1,-1,false,false,false,-1,false,false,false,false,0,false,false,false,false,false,false,false,false,false,false,0,0,0,false
1210,Brock’s Scouting,3,false,false,true,false,false,false,false,0,0,0,-1,-1,false,false,false,-1,false,false,false,false,0,false,false,false,false,false,false,false,false,false,false,0,0,0,false
1211,Black Belt’s Training,3,false,false,true,false,false,false,false,0,0,0,-1,-1,false,false,false,-1,false,false,false,false,0,false,false,false,false,false,false,false,false,false,false,0,0,0,false
1212,Cook,3,false,false,true,false,false,false,false,0,0,0,-1,-1,false,false,false,-1,false,false,false,false,0,false,false,false,false,false,false,false,false,false,false,0,0,0,false
1213,Judge,3,false,false,true,false,false,false,false,0,0,0,-1,-1,false,false,false,-1,false,false,false,false,0,false,false,false,false,false,false,false,false,false,false,0,0,0,false
1214,Emcee's Hype,3,false,false,true,false,false,false,false,0,0,0,-1,-1,false,false,false,-1,false,false,false,false,0,false,false,false,false,false,false,false,false,false,false,0,0,0,false
1215,Ethan's Adventure,3,false,false,true,false,false,false,false,0,0,0,-1,-1,false,false,false,-1,false,false,false,false,0,false,false,false,false,false,false,false,false,false,false,0,0,0,false
1216,Team Rocket's Ariana,3,false,false,true,false,false,false,false,0,0,0,-1,-1,false,false,false,-1,false,false,false,false,0,false,false,false,false,false,false,false,false,false,false,0,0,0,false
1217,Team Rocket's Archer,3,false,false,true,false,false,false,false,0,0,0,-1,-1,false,false,false,-1,false,false,false,false,0,false,false,false,false,false,false,false,false,false,false,0,0,0,false
1218,Team Rocket's Giovanni,3,false,false,true,false,false,false,false,0,0,0,-1,-1,false,false,false,-1,false,false,false,false,0,false,false,false,false,false,false,false,false,false,false,0,0,0,false
1219,Team Rocket's Petrel,3,false,false,true,false,false,false,false,0,0,0,-1,-1,false,false,false,-1,false,false,false,false,0,false,false,false,false,false,false,false,false,false,false,0,0,0,false
1220,Team Rocket's Proton,3,false,false,true,false,false,false,false,0,0,0,-1,-1,false,false,false,-1,false,false,false,false,0,false,false,false,false,false,false,false,false,false,false,0,0,0,false
1221,N's Plan,3,false,false,true,false,false,false,false,0,0,0,-1,-1,false,false,false,-1,false,false,false,false,0,false,false,false,false,false,false,false,false,false,false,0,0,0,false
1222,Fennel,3,false,false,true,false,false,false,false,0,0,0,-1,-1,false,false,false,-1,false,false,false,false,0,false,false,false,false,false,false,false,false,false,false,0,0,0,false
1223,Harlequin,3,false,false,true,false,false,false,false,0,0,0,-1,-1,false,false,false,-1,false,false,false,false,0,false,false,false,false,false,false,false,false,false,false,0,0,0,false
1224,Cheren,3,false,false,true,false,false,false,false,0,0,0,-1,-1,false,false,false,-1,false,false,false,false,0,false,false,false,false,false,false,false,false,false,false,0,0,0,false
1225,Hilda,3,false,false,true,false,false,false,false,0,0,0,-1,-1,false,false,false,-1,false,false,false,false,0,false,false,false,false,false,false,false,false,false,false,0,0,0,false
1226,Lt. Surge's Bargain,3,false,false,true,false,false,false,false,0,0,0,-1,-1,false,false,false,-1,false,false,false,false,0,false,false,false,false,false,false,false,false,false,false,0,0,0,false
1227,Lillie's Determination,3,false,false,true,false,false,false,false,0,0,0,-1,-1,false,false,false,-1,false,false,false,false,0,false,false,false,false,false,false,false,false,false,false,0,0,0,false
1228,Acerola's Mischief,3,false,false,true,false,false,false,false,0,0,0,-1,-1,false,false,false,-1,false,false,false,false,0,false,false,false,false,false,false,false,false,false,false,0,0,0,false
1229,Wally's Compassion,3,false,false,true,false,false,false,false,0,0,0,-1,-1,false,false,false,-1,false,false,false,false,0,false,false,false,false,false,false,false,false,false,false,0,0,0,false
1230,Grimsley's Move,3,false,false,true,false,false,false,false,0,0,0,-1,-1,false,false,false,-1,false,false,false,false,0,false,false,false,false,false,false,false,false,false,false,0,0,0,false
1231,Dawn,3,false,false,true,false,false,false,false,0,0,0,-1,-1,false,false,false,-1,false,false,false,false,0,false,false,false,false,false,false,false,false,false,false,0,0,0,false
1232,Firebreather,3,false,false,true,false,false,false,false,0,0,0,-1,-1,false,false,false,-1,false,false,false,false,0,false,false,false,false,false,false,false,false,false,false,0,0,0,false
1233,Canari,3,false,false,true,false,false,false,false,0,0,0,-1,-1,false,false,false,-1,false,false,false,false,0,false,false,false,false,false,false,false,false,false,false,0,0,0,false
1234,Anthea & Concordia,3,false,false,true,false,false,false,false,0,0,0,-1,-1,false,false,false,-1,false,false,false,false,0,false,false,false,false,false,false,false,false,false,false,0,0,0,false
1235,Waitress,3,false,false,true,false,false,false,false,0,0,0,-1,-1,false,false,false,-1,false,false,false,false,0,false,false,false,false,false,false,false,false,false,false,0,0,0,false
1236,Urbain,3,false,false,true,false,false,false,false,0,0,0,-1,-1,false,false,false,-1,false,false,false,false,0,false,false,false,false,false,false,false,false,false,false,0,0,0,false
1237,Lucian,3,false,false,true,false,false,false,false,0,0,0,-1,-1,false,false,false,-1,false,false,false,false,0,false,false,false,false,false,false,false,false,false,false,0,0,0,false
1238,Tarragon,3,false,false,true,false,false,false,false,0,0,0,-1,-1,false,false,false,-1,false,false,false,false,0,false,false,false,false,false,false,false,false,false,false,0,0,0,false
1239,Naveen,3,false,false,true,false,false,false,false,0,0,0,-1,-1,false,false,false,-1,false,false,false,false,0,false,false,false,false,false,false,false,false,false,false,0,0,0,false
1240,Rosa's Encouragement,3,false,false,true,false,false,false,false,0,0,0,-1,-1,false,false,false,-1,false,false,false,false,0,false,false,false,false,false,false,false,false,false,false,0,0,0,false
1241,Jacinthe,3,false,false,true,false,false,false,false,0,0,0,-1,-1,false,false,false,-1,false,false,false,false,0,false,false,false,false,false,false,false,false,false,false,0,0,0,false
1242,Community Center,4,false,false,false,true,false,false,false,0,0,0,-1,-1,false,false,false,-1,false,false,false,false,0,false,false,false,false,false,false,false,false,false,false,0,0,0,false
1243,Perilous Jungle,4,false,false,false,true,false,false,false,0,0,0,-1,-1,false,false,false,-1,false,false,false,false,0,false,false,false,false,false,false,false,false,false,false,0,0,0,false
1244,Full Metal Lab,4,false,false,false,true,false,false,false,0,0,0,-1,-1,false,false,false,-1,false,false,false,false,0,false,false,false,false,false,false,false,false,false,false,0,0,0,false
1245,Festival Grounds,4,false,false,false,true,false,false,false,0,0,0,-1,-1,false,false,false,-1,false,false,false,false,0,false,false,false,false,false,false,false,false,false,false,0,0,0,false
1246,Jamming Tower,4,false,false,false,true,false,false,false,0,0,0,-1,-1,false,false,false,-1,false,false,false,false,0,false,false,false,false,false,false,false,false,false,false,0,0,0,false
1247,Neutralization Zone,4,false,false,false,true,false,false,false,0,0,0,-1,-1,false,false,false,-1,false,false,false,true,0,false,false,false,false,false,false,false,false,false,false,0,0,0,false
1248,Academy at Night,4,false,false,false,true,false,false,false,0,0,0,-1,-1,false,false,false,-1,false,false,false,false,0,false,false,false,false,false,false,false,false,false,false,0,0,0,false
1249,Grand Tree,4,false,false,false,true,false,false,false,0,0,0,-1,-1,false,false,false,-1,false,false,false,true,0,false,false,false,false,false,false,false,false,false,false,0,0,0,false
1250,Area Zero Underdepths,4,false,false,false,true,false,false,false,0,0,0,-1,-1,false,false,false,-1,false,false,false,false,0,false,false,false,false,false,false,false,false,false,false,0,0,0,false
1251,Lively Stadium,4,false,false,false,true,false,false,false,0,0,0,-1,-1,false,false,false,-1,false,false,false,false,0,false,false,false,false,false,false,false,false,false,false,0,0,0,false
1252,Gravity Mountain,4,false,false,false,true,false,false,false,0,0,0,-1,-1,false,false,false,-1,false,false,false,false,0,false,false,false,false,false,false,false,false,false,false,0,0,0,false
1253,N’s Castle,4,false,false,false,true,false,false,false,0,0,0,-1,-1,false,false,false,-1,false,false,false,false,0,false,false,false,false,false,false,false,false,false,false,0,0,0,false
1254,Levincia,4,false,false,false,true,false,false,false,0,0,0,-1,-1,false,false,false,-1,false,false,false,false,0,false,false,false,false,false,false,false,false,false,false,0,0,0,false
1255,Postwick,4,false,false,false,true,false,false,false,0,0,0,-1,-1,false,false,false,-1,false,false,false,false,0,false,false,false,false,false,false,false,false,false,false,0,0,0,false
1256,Team Rocket's Watchtower,4,false,false,false,true,false,false,false,0,0,0,-1,-1,false,false,false,-1,false,false,false,false,0,false,false,false,false,false,false,false,false,false,false,0,0,0,false
1257,Team Rocket's Factory,4,false,false,false,true,false,false,false,0,0,0,-1,-1,false,false,false,-1,false,false,false,false,0,false,false,false,false,false,false,false,false,false,false,0,0,0,false
1258,Granite Cave,4,false,false,false,true,false,false,false,0,0,0,-1,-1,false,false,false,-1,false,false,false,false,0,false,false,false,false,false,false,false,false,false,false,0,0,0,false
1259,Spikemuth Gym,4,false,false,false,true,false,false,false,0,0,0,-1,-1,false,false,false,-1,false,false,false,false,0,false,false,false,false,false,false,false,false,false,false,0,0,0,false
1260,Risky Ruins,4,false,false,false,true,false,false,false,0,0,0,-1,-1,false,false,false,-1,false,false,false,false,0,false,false,false,false,false,false,false,false,false,false,0,0,0,false
1261,Forest of Vitality,4,false,false,false,true,false,false,false,0,0,0,-1,-1,false,false,false,-1,false,false,false,false,0,false,false,false,false,false,false,false,false,false,false,0,0,0,false
1262,Surfing Beach,4,false,false,false,true,false,false,false,0,0,0,-1,-1,false,false,false,-1,false,false,false,false,0,false,false,false,false,false,false,false,false,false,false,0,0,0,false
1263,Mystery Garden,4,false,false,false,true,false,false,false,0,0,0,-1,-1,false,false,false,-1,false,false,false,false,0,false,false,false,false,false,false,false,false,false,false,0,0,0,false
1264,Battle Cage,4,false,false,false,true,false,false,false,0,0,0,-1,-1,false,false,false,-1,false,false,false,false,0,false,false,false,false,false,false,false,false,false,false,0,0,0,false
1265,Dizzying Valley,4,false,false,false,true,false,false,false,0,0,0,-1,-1,false,false,false,-1,false,false,false,false,0,false,false,false,false,false,false,false,false,false,false,0,0,0,false
1266,Nighttime Mine,4,false,false,false,true,false,false,false,0,0,0,-1,-1,false,false,false,-1,false,false,false,false,0,false,false,false,false,false,false,false,false,false,false,0,0,0,false
1267,Lumiose City,4,false,false,false,true,false,false,false,0,0,0,-1,-1,false,false,false,-1,false,false,false,false,0,false,false,false,false,false,false,false,false,false,false,0,0,0,false
